dataset,sample_id,signature,n_requested,n_available,available_genes,coverage_fraction,sample_short
10x_human_ovarian_cancer_ffpe_visium,10x_human_ovarian_cancer_ffpe_visium,TLS_12CK,12,11,CXCL9;CXCL10;CXCL11;CXCL13;CCL19;CCL21;CCL2;CCL8;CCL5;CCL18;CCL4,0.916666666666667,10x Visium
10x_human_ovarian_cancer_ffpe_visium,10x_human_ovarian_cancer_ffpe_visium,TLS_29_imprint,28,24,FCRL5;IGKC;JCHAIN;CXCL9;CXCL10;CXCL11;CXCL13;MZB1;CCL19;CCL21;IGHG4;IGHG2;IGHA1;IGHG1;IGHG3;IGHM;CCL2;CCL8;CCL5;CCL18;CCL4;CD79A;XBP1;SSR4,0.857142857142857,10x Visium
10x_human_ovarian_cancer_ffpe_visium,10x_human_ovarian_cancer_ffpe_visium,mregDC,14,14,MARCKSL1;CD80;CD86;LAMP3;TNFAIP3;FSCN1;CD274;PDCD1LG2;CCL19;BIRC3;NFKBIA;CCL22;CCR7;CD40,1,10x Visium
10x_human_ovarian_cancer_ffpe_visium,10x_human_ovarian_cancer_ffpe_visium,AP_MHCII,13,13,CD74;HLA-DRA;HLA-DRB5;HLA-DRB1;HLA-DQA1;HLA-DQB1;HLA-DQA2;TAP2;TAP1;HLA-DPA1;HLA-DPB1;B2M;CIITA,1,10x Visium
10x_human_ovarian_cancer_ffpe_visium,10x_human_ovarian_cancer_ffpe_visium,B_cell_TLS,9,9,IGKC;CXCL13;BANK1;MS4A1;IGHM;CD19;CD79B;CD22;CD79A,1,10x Visium
10x_human_ovarian_cancer_ffpe_visium,10x_human_ovarian_cancer_ffpe_visium,T_cell_zone,9,9,CD8A;IL7R;LTB;TRBC1;TRBC2;CD3E;CD3D;CD4;CCR7,1,10x Visium
GSE211956,GSM6506110_SP1,TLS_12CK,12,12,CXCL9;CXCL10;CXCL11;CXCL13;CCL19;CCL21;CCL2;CCL8;CCL5;CCL18;CCL3;CCL4,1,SP1
GSE211956,GSM6506110_SP1,TLS_29_imprint,28,28,FCRL5;IGKC;JCHAIN;CXCL9;CXCL10;CXCL11;CXCL13;MZB1;SSR4;CCL19;CCL21;IGHG4;IGHG2;IGHGP;IGHA1;IGHG1;IGHG3;IGHM;CCL2;CCL8;CCL5;CCL18;CCL3;CCL4;CD79A;IGLC2;IGLC3;XBP1,1,SP1
GSE211956,GSM6506110_SP1,mregDC,14,14,MARCKSL1;CD80;CD86;LAMP3;TNFAIP3;FSCN1;CD274;PDCD1LG2;CCL19;BIRC3;NFKBIA;CCL22;CCR7;CD40,1,SP1
GSE211956,GSM6506110_SP1,AP_MHCII,13,13,CD74;HLA-DRA;HLA-DRB5;HLA-DRB1;HLA-DQA1;HLA-DQB1;HLA-DQA2;TAP2;TAP1;HLA-DPA1;HLA-DPB1;B2M;CIITA,1,SP1
GSE211956,GSM6506110_SP1,B_cell_TLS,9,9,IGKC;CXCL13;BANK1;MS4A1;IGHM;CD19;CD79B;CD22;CD79A,1,SP1
GSE211956,GSM6506110_SP1,T_cell_zone,9,9,CD8A;IL7R;LTB;TRBC1;TRBC2;CD3E;CD3D;CD4;CCR7,1,SP1
GSE211956,GSM6506111_SP2,TLS_12CK,12,12,CXCL9;CXCL10;CXCL11;CXCL13;CCL19;CCL21;CCL2;CCL8;CCL5;CCL18;CCL3;CCL4,1,SP2
GSE211956,GSM6506111_SP2,TLS_29_imprint,28,28,FCRL5;IGKC;JCHAIN;CXCL9;CXCL10;CXCL11;CXCL13;MZB1;SSR4;CCL19;CCL21;IGHG4;IGHG2;IGHGP;IGHA1;IGHG1;IGHG3;IGHM;CCL2;CCL8;CCL5;CCL18;CCL3;CCL4;CD79A;IGLC2;IGLC3;XBP1,1,SP2
GSE211956,GSM6506111_SP2,mregDC,14,14,MARCKSL1;CD80;CD86;LAMP3;TNFAIP3;FSCN1;CD274;PDCD1LG2;CCL19;BIRC3;NFKBIA;CCL22;CCR7;CD40,1,SP2
GSE211956,GSM6506111_SP2,AP_MHCII,13,13,CD74;HLA-DRA;HLA-DRB5;HLA-DRB1;HLA-DQA1;HLA-DQB1;HLA-DQA2;TAP2;TAP1;HLA-DPA1;HLA-DPB1;B2M;CIITA,1,SP2
GSE211956,GSM6506111_SP2,B_cell_TLS,9,9,IGKC;CXCL13;BANK1;MS4A1;IGHM;CD19;CD79B;CD22;CD79A,1,SP2
GSE211956,GSM6506111_SP2,T_cell_zone,9,9,CD8A;IL7R;LTB;TRBC1;TRBC2;CD3E;CD3D;CD4;CCR7,1,SP2
GSE211956,GSM6506112_SP3,TLS_12CK,12,12,CXCL9;CXCL10;CXCL11;CXCL13;CCL19;CCL21;CCL2;CCL8;CCL5;CCL18;CCL3;CCL4,1,SP3
GSE211956,GSM6506112_SP3,TLS_29_imprint,28,28,FCRL5;IGKC;JCHAIN;CXCL9;CXCL10;CXCL11;CXCL13;MZB1;SSR4;CCL19;CCL21;IGHG4;IGHG2;IGHGP;IGHA1;IGHG1;IGHG3;IGHM;CCL2;CCL8;CCL5;CCL18;CCL3;CCL4;CD79A;IGLC2;IGLC3;XBP1,1,SP3
GSE211956,GSM6506112_SP3,mregDC,14,14,MARCKSL1;CD80;CD86;LAMP3;TNFAIP3;FSCN1;CD274;PDCD1LG2;CCL19;BIRC3;NFKBIA;CCL22;CCR7;CD40,1,SP3
GSE211956,GSM6506112_SP3,AP_MHCII,13,13,CD74;HLA-DRA;HLA-DRB5;HLA-DRB1;HLA-DQA1;HLA-DQB1;HLA-DQA2;TAP2;TAP1;HLA-DPA1;HLA-DPB1;B2M;CIITA,1,SP3
GSE211956,GSM6506112_SP3,B_cell_TLS,9,9,IGKC;CXCL13;BANK1;MS4A1;IGHM;CD19;CD79B;CD22;CD79A,1,SP3
GSE211956,GSM6506112_SP3,T_cell_zone,9,9,CD8A;IL7R;LTB;TRBC1;TRBC2;CD3E;CD3D;CD4;CCR7,1,SP3
GSE211956,GSM6506113_SP4,TLS_12CK,12,12,CXCL9;CXCL10;CXCL11;CXCL13;CCL19;CCL21;CCL2;CCL8;CCL5;CCL18;CCL3;CCL4,1,SP4
GSE211956,GSM6506113_SP4,TLS_29_imprint,28,28,FCRL5;IGKC;JCHAIN;CXCL9;CXCL10;CXCL11;CXCL13;MZB1;SSR4;CCL19;CCL21;IGHG4;IGHG2;IGHGP;IGHA1;IGHG1;IGHG3;IGHM;CCL2;CCL8;CCL5;CCL18;CCL3;CCL4;CD79A;IGLC2;IGLC3;XBP1,1,SP4
GSE211956,GSM6506113_SP4,mregDC,14,14,MARCKSL1;CD80;CD86;LAMP3;TNFAIP3;FSCN1;CD274;PDCD1LG2;CCL19;BIRC3;NFKBIA;CCL22;CCR7;CD40,1,SP4
GSE211956,GSM6506113_SP4,AP_MHCII,13,13,CD74;HLA-DRA;HLA-DRB5;HLA-DRB1;HLA-DQA1;HLA-DQB1;HLA-DQA2;TAP2;TAP1;HLA-DPA1;HLA-DPB1;B2M;CIITA,1,SP4
GSE211956,GSM6506113_SP4,B_cell_TLS,9,9,IGKC;CXCL13;BANK1;MS4A1;IGHM;CD19;CD79B;CD22;CD79A,1,SP4
GSE211956,GSM6506113_SP4,T_cell_zone,9,9,CD8A;IL7R;LTB;TRBC1;TRBC2;CD3E;CD3D;CD4;CCR7,1,SP4
GSE211956,GSM6506114_SP5,TLS_12CK,12,12,CXCL9;CXCL10;CXCL11;CXCL13;CCL19;CCL21;CCL2;CCL8;CCL5;CCL18;CCL3;CCL4,1,SP5
GSE211956,GSM6506114_SP5,TLS_29_imprint,28,28,FCRL5;IGKC;JCHAIN;CXCL9;CXCL10;CXCL11;CXCL13;MZB1;SSR4;CCL19;CCL21;IGHG4;IGHG2;IGHGP;IGHA1;IGHG1;IGHG3;IGHM;CCL2;CCL8;CCL5;CCL18;CCL3;CCL4;CD79A;IGLC2;IGLC3;XBP1,1,SP5
GSE211956,GSM6506114_SP5,mregDC,14,14,MARCKSL1;CD80;CD86;LAMP3;TNFAIP3;FSCN1;CD274;PDCD1LG2;CCL19;BIRC3;NFKBIA;CCL22;CCR7;CD40,1,SP5
GSE211956,GSM6506114_SP5,AP_MHCII,13,13,CD74;HLA-DRA;HLA-DRB5;HLA-DRB1;HLA-DQA1;HLA-DQB1;HLA-DQA2;TAP2;TAP1;HLA-DPA1;HLA-DPB1;B2M;CIITA,1,SP5
GSE211956,GSM6506114_SP5,B_cell_TLS,9,9,IGKC;CXCL13;BANK1;MS4A1;IGHM;CD19;CD79B;CD22;CD79A,1,SP5
GSE211956,GSM6506114_SP5,T_cell_zone,9,9,CD8A;IL7R;LTB;TRBC1;TRBC2;CD3E;CD3D;CD4;CCR7,1,SP5
GSE211956,GSM6506115_SP6,TLS_12CK,12,12,CXCL9;CXCL10;CXCL11;CXCL13;CCL19;CCL21;CCL2;CCL8;CCL5;CCL18;CCL3;CCL4,1,SP6
GSE211956,GSM6506115_SP6,TLS_29_imprint,28,28,FCRL5;IGKC;JCHAIN;CXCL9;CXCL10;CXCL11;CXCL13;MZB1;SSR4;CCL19;CCL21;IGHG4;IGHG2;IGHGP;IGHA1;IGHG1;IGHG3;IGHM;CCL2;CCL8;CCL5;CCL18;CCL3;CCL4;CD79A;IGLC2;IGLC3;XBP1,1,SP6
GSE211956,GSM6506115_SP6,mregDC,14,14,MARCKSL1;CD80;CD86;LAMP3;TNFAIP3;FSCN1;CD274;PDCD1LG2;CCL19;BIRC3;NFKBIA;CCL22;CCR7;CD40,1,SP6
GSE211956,GSM6506115_SP6,AP_MHCII,13,13,CD74;HLA-DRA;HLA-DRB5;HLA-DRB1;HLA-DQA1;HLA-DQB1;HLA-DQA2;TAP2;TAP1;HLA-DPA1;HLA-DPB1;B2M;CIITA,1,SP6
GSE211956,GSM6506115_SP6,B_cell_TLS,9,9,IGKC;CXCL13;BANK1;MS4A1;IGHM;CD19;CD79B;CD22;CD79A,1,SP6
GSE211956,GSM6506115_SP6,T_cell_zone,9,9,CD8A;IL7R;LTB;TRBC1;TRBC2;CD3E;CD3D;CD4;CCR7,1,SP6
GSE211956,GSM6506116_SP7,TLS_12CK,12,12,CXCL9;CXCL10;CXCL11;CXCL13;CCL19;CCL21;CCL2;CCL8;CCL5;CCL18;CCL3;CCL4,1,SP7
GSE211956,GSM6506116_SP7,TLS_29_imprint,28,28,FCRL5;IGKC;JCHAIN;CXCL9;CXCL10;CXCL11;CXCL13;MZB1;SSR4;CCL19;CCL21;IGHG4;IGHG2;IGHGP;IGHA1;IGHG1;IGHG3;IGHM;CCL2;CCL8;CCL5;CCL18;CCL3;CCL4;CD79A;IGLC2;IGLC3;XBP1,1,SP7
GSE211956,GSM6506116_SP7,mregDC,14,14,MARCKSL1;CD80;CD86;LAMP3;TNFAIP3;FSCN1;CD274;PDCD1LG2;CCL19;BIRC3;NFKBIA;CCL22;CCR7;CD40,1,SP7
GSE211956,GSM6506116_SP7,AP_MHCII,13,13,CD74;HLA-DRA;HLA-DRB5;HLA-DRB1;HLA-DQA1;HLA-DQB1;HLA-DQA2;TAP2;TAP1;HLA-DPA1;HLA-DPB1;B2M;CIITA,1,SP7
GSE211956,GSM6506116_SP7,B_cell_TLS,9,9,IGKC;CXCL13;BANK1;MS4A1;IGHM;CD19;CD79B;CD22;CD79A,1,SP7
GSE211956,GSM6506116_SP7,T_cell_zone,9,9,CD8A;IL7R;LTB;TRBC1;TRBC2;CD3E;CD3D;CD4;CCR7,1,SP7
GSE211956,GSM6506117_SP8,TLS_12CK,12,12,CXCL9;CXCL10;CXCL11;CXCL13;CCL19;CCL21;CCL2;CCL8;CCL5;CCL18;CCL3;CCL4,1,SP8
GSE211956,GSM6506117_SP8,TLS_29_imprint,28,28,FCRL5;IGKC;JCHAIN;CXCL9;CXCL10;CXCL11;CXCL13;MZB1;SSR4;CCL19;CCL21;IGHG4;IGHG2;IGHGP;IGHA1;IGHG1;IGHG3;IGHM;CCL2;CCL8;CCL5;CCL18;CCL3;CCL4;CD79A;IGLC2;IGLC3;XBP1,1,SP8
GSE211956,GSM6506117_SP8,mregDC,14,14,MARCKSL1;CD80;CD86;LAMP3;TNFAIP3;FSCN1;CD274;PDCD1LG2;CCL19;BIRC3;NFKBIA;CCL22;CCR7;CD40,1,SP8
GSE211956,GSM6506117_SP8,AP_MHCII,13,13,CD74;HLA-DRA;HLA-DRB5;HLA-DRB1;HLA-DQA1;HLA-DQB1;HLA-DQA2;TAP2;TAP1;HLA-DPA1;HLA-DPB1;B2M;CIITA,1,SP8
GSE211956,GSM6506117_SP8,B_cell_TLS,9,9,IGKC;CXCL13;BANK1;MS4A1;IGHM;CD19;CD79B;CD22;CD79A,1,SP8
GSE211956,GSM6506117_SP8,T_cell_zone,9,9,CD8A;IL7R;LTB;TRBC1;TRBC2;CD3E;CD3D;CD4;CCR7,1,SP8
GSE224335,GSM7019835_OCCR2v,TLS_12CK,12,12,CXCL9;CXCL10;CXCL11;CXCL13;CCL19;CCL21;CCL2;CCL8;CCL5;CCL18;CCL3;CCL4,1,OCCR2v
GSE224335,GSM7019835_OCCR2v,TLS_29_imprint,28,28,FCRL5;IGKC;JCHAIN;CXCL9;CXCL10;CXCL11;CXCL13;MZB1;CCL19;CCL21;IGHG4;IGHG2;IGHGP;IGHA1;IGHG1;IGHG3;IGHM;CCL2;CCL8;CCL5;CCL18;CCL3;CCL4;CD79A;IGLC2;IGLC3;XBP1;SSR4,1,OCCR2v
GSE224335,GSM7019835_OCCR2v,mregDC,14,14,MARCKSL1;CD80;CD86;LAMP3;TNFAIP3;FSCN1;CD274;PDCD1LG2;CCL19;BIRC3;NFKBIA;CCL22;CCR7;CD40,1,OCCR2v
GSE224335,GSM7019835_OCCR2v,AP_MHCII,13,13,CD74;HLA-DRA;HLA-DRB5;HLA-DRB1;HLA-DQA1;HLA-DQB1;HLA-DQA2;TAP2;TAP1;HLA-DPA1;HLA-DPB1;B2M;CIITA,1,OCCR2v
GSE224335,GSM7019835_OCCR2v,B_cell_TLS,9,9,IGKC;CXCL13;BANK1;MS4A1;IGHM;CD19;CD79B;CD22;CD79A,1,OCCR2v
GSE224335,GSM7019835_OCCR2v,T_cell_zone,9,9,CD8A;IL7R;LTB;TRBC1;TRBC2;CD3E;CD3D;CD4;CCR7,1,OCCR2v
GSE224335,GSM7019836_OCCS3v,TLS_12CK,12,12,CXCL9;CXCL10;CXCL11;CXCL13;CCL19;CCL21;CCL2;CCL8;CCL5;CCL18;CCL3;CCL4,1,OCCS3v
GSE224335,GSM7019836_OCCS3v,TLS_29_imprint,28,28,FCRL5;IGKC;JCHAIN;CXCL9;CXCL10;CXCL11;CXCL13;MZB1;CCL19;CCL21;IGHG4;IGHG2;IGHGP;IGHA1;IGHG1;IGHG3;IGHM;CCL2;CCL8;CCL5;CCL18;CCL3;CCL4;CD79A;IGLC2;IGLC3;XBP1;SSR4,1,OCCS3v
GSE224335,GSM7019836_OCCS3v,mregDC,14,14,MARCKSL1;CD80;CD86;LAMP3;TNFAIP3;FSCN1;CD274;PDCD1LG2;CCL19;BIRC3;NFKBIA;CCL22;CCR7;CD40,1,OCCS3v
GSE224335,GSM7019836_OCCS3v,AP_MHCII,13,13,CD74;HLA-DRA;HLA-DRB5;HLA-DRB1;HLA-DQA1;HLA-DQB1;HLA-DQA2;TAP2;TAP1;HLA-DPA1;HLA-DPB1;B2M;CIITA,1,OCCS3v
GSE224335,GSM7019836_OCCS3v,B_cell_TLS,9,9,IGKC;CXCL13;BANK1;MS4A1;IGHM;CD19;CD79B;CD22;CD79A,1,OCCS3v
GSE224335,GSM7019836_OCCS3v,T_cell_zone,9,9,CD8A;IL7R;LTB;TRBC1;TRBC2;CD3E;CD3D;CD4;CCR7,1,OCCS3v
GSE274657,GSM8454234_Patient_2,TLS_12CK,12,12,CXCL9;CXCL10;CXCL11;CXCL13;CCL19;CCL21;CCL2;CCL8;CCL5;CCL18;CCL3;CCL4,1,Patient_2
GSE274657,GSM8454234_Patient_2,TLS_29_imprint,28,23,FCRL5;IGKC;JCHAIN;CXCL9;CXCL10;CXCL11;CXCL13;MZB1;CCL19;CCL21;IGHA1;IGHG1;IGHG3;IGHM;CCL2;CCL8;CCL5;CCL18;CCL3;CCL4;CD79A;XBP1;SSR4,0.821428571428571,Patient_2
GSE274657,GSM8454234_Patient_2,mregDC,14,14,MARCKSL1;CD80;CD86;LAMP3;TNFAIP3;FSCN1;CD274;PDCD1LG2;CCL19;BIRC3;NFKBIA;CCL22;CCR7;CD40,1,Patient_2
GSE274657,GSM8454234_Patient_2,AP_MHCII,13,5,CD74;TAP2;TAP1;B2M;CIITA,0.384615384615385,Patient_2
GSE274657,GSM8454234_Patient_2,B_cell_TLS,9,9,IGKC;CXCL13;BANK1;MS4A1;IGHM;CD19;CD79B;CD22;CD79A,1,Patient_2
GSE274657,GSM8454234_Patient_2,T_cell_zone,9,9,CD8A;IL7R;LTB;TRBC1;TRBC2;CD3E;CD3D;CD4;CCR7,1,Patient_2
GSE274657,GSM8454235_Patient_8,TLS_12CK,12,12,CXCL9;CXCL10;CXCL11;CXCL13;CCL19;CCL21;CCL2;CCL8;CCL5;CCL18;CCL3;CCL4,1,Patient_8
GSE274657,GSM8454235_Patient_8,TLS_29_imprint,28,23,FCRL5;IGKC;JCHAIN;CXCL9;CXCL10;CXCL11;CXCL13;MZB1;CCL19;CCL21;IGHA1;IGHG1;IGHG3;IGHM;CCL2;CCL8;CCL5;CCL18;CCL3;CCL4;CD79A;XBP1;SSR4,0.821428571428571,Patient_8
GSE274657,GSM8454235_Patient_8,mregDC,14,14,MARCKSL1;CD80;CD86;LAMP3;TNFAIP3;FSCN1;CD274;PDCD1LG2;CCL19;BIRC3;NFKBIA;CCL22;CCR7;CD40,1,Patient_8
GSE274657,GSM8454235_Patient_8,AP_MHCII,13,5,CD74;TAP2;TAP1;B2M;CIITA,0.384615384615385,Patient_8
GSE274657,GSM8454235_Patient_8,B_cell_TLS,9,9,IGKC;CXCL13;BANK1;MS4A1;IGHM;CD19;CD79B;CD22;CD79A,1,Patient_8
GSE274657,GSM8454235_Patient_8,T_cell_zone,9,9,CD8A;IL7R;LTB;TRBC1;TRBC2;CD3E;CD3D;CD4;CCR7,1,Patient_8
GSE274657,GSM8454236_Patient_16,TLS_12CK,12,12,CXCL9;CXCL10;CXCL11;CXCL13;CCL19;CCL21;CCL2;CCL8;CCL5;CCL18;CCL3;CCL4,1,Patient_16
GSE274657,GSM8454236_Patient_16,TLS_29_imprint,28,23,FCRL5;IGKC;JCHAIN;CXCL9;CXCL10;CXCL11;CXCL13;MZB1;CCL19;CCL21;IGHA1;IGHG1;IGHG3;IGHM;CCL2;CCL8;CCL5;CCL18;CCL3;CCL4;CD79A;XBP1;SSR4,0.821428571428571,Patient_16
GSE274657,GSM8454236_Patient_16,mregDC,14,14,MARCKSL1;CD80;CD86;LAMP3;TNFAIP3;FSCN1;CD274;PDCD1LG2;CCL19;BIRC3;NFKBIA;CCL22;CCR7;CD40,1,Patient_16
GSE274657,GSM8454236_Patient_16,AP_MHCII,13,5,CD74;TAP2;TAP1;B2M;CIITA,0.384615384615385,Patient_16
GSE274657,GSM8454236_Patient_16,B_cell_TLS,9,9,IGKC;CXCL13;BANK1;MS4A1;IGHM;CD19;CD79B;CD22;CD79A,1,Patient_16
GSE274657,GSM8454236_Patient_16,T_cell_zone,9,9,CD8A;IL7R;LTB;TRBC1;TRBC2;CD3E;CD3D;CD4;CCR7,1,Patient_16
GSE274657,GSM8454237_Patient_17,TLS_12CK,12,12,CXCL9;CXCL10;CXCL11;CXCL13;CCL19;CCL21;CCL2;CCL8;CCL5;CCL18;CCL3;CCL4,1,Patient_17
GSE274657,GSM8454237_Patient_17,TLS_29_imprint,28,23,FCRL5;IGKC;JCHAIN;CXCL9;CXCL10;CXCL11;CXCL13;MZB1;CCL19;CCL21;IGHA1;IGHG1;IGHG3;IGHM;CCL2;CCL8;CCL5;CCL18;CCL3;CCL4;CD79A;XBP1;SSR4,0.821428571428571,Patient_17
GSE274657,GSM8454237_Patient_17,mregDC,14,14,MARCKSL1;CD80;CD86;LAMP3;TNFAIP3;FSCN1;CD274;PDCD1LG2;CCL19;BIRC3;NFKBIA;CCL22;CCR7;CD40,1,Patient_17
GSE274657,GSM8454237_Patient_17,AP_MHCII,13,5,CD74;TAP2;TAP1;B2M;CIITA,0.384615384615385,Patient_17
GSE274657,GSM8454237_Patient_17,B_cell_TLS,9,9,IGKC;CXCL13;BANK1;MS4A1;IGHM;CD19;CD79B;CD22;CD79A,1,Patient_17
GSE274657,GSM8454237_Patient_17,T_cell_zone,9,9,CD8A;IL7R;LTB;TRBC1;TRBC2;CD3E;CD3D;CD4;CCR7,1,Patient_17
GSE288483,GSM8768679_Pt1-1,TLS_12CK,12,11,CXCL9;CXCL10;CXCL11;CXCL13;CCL19;CCL21;CCL2;CCL8;CCL5;CCL18;CCL4,0.916666666666667,Pt1-1
GSE288483,GSM8768679_Pt1-1,TLS_29_imprint,28,24,FCRL5;IGKC;JCHAIN;CXCL9;CXCL10;CXCL11;CXCL13;MZB1;CCL19;CCL21;IGHG4;IGHG2;IGHA1;IGHG1;IGHG3;IGHM;CCL2;CCL8;CCL5;CCL18;CCL4;CD79A;XBP1;SSR4,0.857142857142857,Pt1-1
GSE288483,GSM8768679_Pt1-1,mregDC,14,14,MARCKSL1;CD80;CD86;LAMP3;TNFAIP3;FSCN1;CD274;PDCD1LG2;CCL19;BIRC3;NFKBIA;CCL22;CCR7;CD40,1,Pt1-1
GSE288483,GSM8768679_Pt1-1,AP_MHCII,13,13,CD74;HLA-DRA;HLA-DRB5;HLA-DRB1;HLA-DQA1;HLA-DQB1;HLA-DQA2;TAP2;TAP1;HLA-DPA1;HLA-DPB1;B2M;CIITA,1,Pt1-1
GSE288483,GSM8768679_Pt1-1,B_cell_TLS,9,9,IGKC;CXCL13;BANK1;MS4A1;IGHM;CD19;CD79B;CD22;CD79A,1,Pt1-1
GSE288483,GSM8768679_Pt1-1,T_cell_zone,9,9,CD8A;IL7R;LTB;TRBC1;TRBC2;CD3E;CD3D;CD4;CCR7,1,Pt1-1
GSE288483,GSM8768680_Pt1-2,TLS_12CK,12,11,CXCL9;CXCL10;CXCL11;CXCL13;CCL19;CCL21;CCL2;CCL8;CCL5;CCL18;CCL4,0.916666666666667,Pt1-2
GSE288483,GSM8768680_Pt1-2,TLS_29_imprint,28,24,FCRL5;IGKC;JCHAIN;CXCL9;CXCL10;CXCL11;CXCL13;MZB1;CCL19;CCL21;IGHG4;IGHG2;IGHA1;IGHG1;IGHG3;IGHM;CCL2;CCL8;CCL5;CCL18;CCL4;CD79A;XBP1;SSR4,0.857142857142857,Pt1-2
GSE288483,GSM8768680_Pt1-2,mregDC,14,14,MARCKSL1;CD80;CD86;LAMP3;TNFAIP3;FSCN1;CD274;PDCD1LG2;CCL19;BIRC3;NFKBIA;CCL22;CCR7;CD40,1,Pt1-2
GSE288483,GSM8768680_Pt1-2,AP_MHCII,13,13,CD74;HLA-DRA;HLA-DRB5;HLA-DRB1;HLA-DQA1;HLA-DQB1;HLA-DQA2;TAP2;TAP1;HLA-DPA1;HLA-DPB1;B2M;CIITA,1,Pt1-2
GSE288483,GSM8768680_Pt1-2,B_cell_TLS,9,9,IGKC;CXCL13;BANK1;MS4A1;IGHM;CD19;CD79B;CD22;CD79A,1,Pt1-2
GSE288483,GSM8768680_Pt1-2,T_cell_zone,9,9,CD8A;IL7R;LTB;TRBC1;TRBC2;CD3E;CD3D;CD4;CCR7,1,Pt1-2
GSE288483,GSM8768681_Pt1-3,TLS_12CK,12,11,CXCL9;CXCL10;CXCL11;CXCL13;CCL19;CCL21;CCL2;CCL8;CCL5;CCL18;CCL4,0.916666666666667,Pt1-3
GSE288483,GSM8768681_Pt1-3,TLS_29_imprint,28,24,FCRL5;IGKC;JCHAIN;CXCL9;CXCL10;CXCL11;CXCL13;MZB1;CCL19;CCL21;IGHG4;IGHG2;IGHA1;IGHG1;IGHG3;IGHM;CCL2;CCL8;CCL5;CCL18;CCL4;CD79A;XBP1;SSR4,0.857142857142857,Pt1-3
GSE288483,GSM8768681_Pt1-3,mregDC,14,14,MARCKSL1;CD80;CD86;LAMP3;TNFAIP3;FSCN1;CD274;PDCD1LG2;CCL19;BIRC3;NFKBIA;CCL22;CCR7;CD40,1,Pt1-3
GSE288483,GSM8768681_Pt1-3,AP_MHCII,13,13,CD74;HLA-DRA;HLA-DRB5;HLA-DRB1;HLA-DQA1;HLA-DQB1;HLA-DQA2;TAP2;TAP1;HLA-DPA1;HLA-DPB1;B2M;CIITA,1,Pt1-3
GSE288483,GSM8768681_Pt1-3,B_cell_TLS,9,9,IGKC;CXCL13;BANK1;MS4A1;IGHM;CD19;CD79B;CD22;CD79A,1,Pt1-3
GSE288483,GSM8768681_Pt1-3,T_cell_zone,9,9,CD8A;IL7R;LTB;TRBC1;TRBC2;CD3E;CD3D;CD4;CCR7,1,Pt1-3
GSE288483,GSM8768682_Pt1-4,TLS_12CK,12,11,CXCL9;CXCL10;CXCL11;CXCL13;CCL19;CCL21;CCL2;CCL8;CCL5;CCL18;CCL4,0.916666666666667,Pt1-4
GSE288483,GSM8768682_Pt1-4,TLS_29_imprint,28,24,FCRL5;IGKC;JCHAIN;CXCL9;CXCL10;CXCL11;CXCL13;MZB1;CCL19;CCL21;IGHG4;IGHG2;IGHA1;IGHG1;IGHG3;IGHM;CCL2;CCL8;CCL5;CCL18;CCL4;CD79A;XBP1;SSR4,0.857142857142857,Pt1-4
GSE288483,GSM8768682_Pt1-4,mregDC,14,14,MARCKSL1;CD80;CD86;LAMP3;TNFAIP3;FSCN1;CD274;PDCD1LG2;CCL19;BIRC3;NFKBIA;CCL22;CCR7;CD40,1,Pt1-4
GSE288483,GSM8768682_Pt1-4,AP_MHCII,13,13,CD74;HLA-DRA;HLA-DRB5;HLA-DRB1;HLA-DQA1;HLA-DQB1;HLA-DQA2;TAP2;TAP1;HLA-DPA1;HLA-DPB1;B2M;CIITA,1,Pt1-4
GSE288483,GSM8768682_Pt1-4,B_cell_TLS,9,9,IGKC;CXCL13;BANK1;MS4A1;IGHM;CD19;CD79B;CD22;CD79A,1,Pt1-4
GSE288483,GSM8768682_Pt1-4,T_cell_zone,9,9,CD8A;IL7R;LTB;TRBC1;TRBC2;CD3E;CD3D;CD4;CCR7,1,Pt1-4
GSE288483,GSM8768683_Pt2-1,TLS_12CK,12,11,CXCL9;CXCL10;CXCL11;CXCL13;CCL19;CCL21;CCL2;CCL8;CCL5;CCL18;CCL4,0.916666666666667,Pt2-1
GSE288483,GSM8768683_Pt2-1,TLS_29_imprint,28,24,FCRL5;IGKC;JCHAIN;CXCL9;CXCL10;CXCL11;CXCL13;MZB1;CCL19;CCL21;IGHG4;IGHG2;IGHA1;IGHG1;IGHG3;IGHM;CCL2;CCL8;CCL5;CCL18;CCL4;CD79A;XBP1;SSR4,0.857142857142857,Pt2-1
GSE288483,GSM8768683_Pt2-1,mregDC,14,14,MARCKSL1;CD80;CD86;LAMP3;TNFAIP3;FSCN1;CD274;PDCD1LG2;CCL19;BIRC3;NFKBIA;CCL22;CCR7;CD40,1,Pt2-1
GSE288483,GSM8768683_Pt2-1,AP_MHCII,13,13,CD74;HLA-DRA;HLA-DRB5;HLA-DRB1;HLA-DQA1;HLA-DQB1;HLA-DQA2;TAP2;TAP1;HLA-DPA1;HLA-DPB1;B2M;CIITA,1,Pt2-1
GSE288483,GSM8768683_Pt2-1,B_cell_TLS,9,9,IGKC;CXCL13;BANK1;MS4A1;IGHM;CD19;CD79B;CD22;CD79A,1,Pt2-1
GSE288483,GSM8768683_Pt2-1,T_cell_zone,9,9,CD8A;IL7R;LTB;TRBC1;TRBC2;CD3E;CD3D;CD4;CCR7,1,Pt2-1
GSE288483,GSM8768684_Pt2-2,TLS_12CK,12,11,CXCL9;CXCL10;CXCL11;CXCL13;CCL19;CCL21;CCL2;CCL8;CCL5;CCL18;CCL4,0.916666666666667,Pt2-2
GSE288483,GSM8768684_Pt2-2,TLS_29_imprint,28,24,FCRL5;IGKC;JCHAIN;CXCL9;CXCL10;CXCL11;CXCL13;MZB1;CCL19;CCL21;IGHG4;IGHG2;IGHA1;IGHG1;IGHG3;IGHM;CCL2;CCL8;CCL5;CCL18;CCL4;CD79A;XBP1;SSR4,0.857142857142857,Pt2-2
GSE288483,GSM8768684_Pt2-2,mregDC,14,14,MARCKSL1;CD80;CD86;LAMP3;TNFAIP3;FSCN1;CD274;PDCD1LG2;CCL19;BIRC3;NFKBIA;CCL22;CCR7;CD40,1,Pt2-2
GSE288483,GSM8768684_Pt2-2,AP_MHCII,13,13,CD74;HLA-DRA;HLA-DRB5;HLA-DRB1;HLA-DQA1;HLA-DQB1;HLA-DQA2;TAP2;TAP1;HLA-DPA1;HLA-DPB1;B2M;CIITA,1,Pt2-2
GSE288483,GSM8768684_Pt2-2,B_cell_TLS,9,9,IGKC;CXCL13;BANK1;MS4A1;IGHM;CD19;CD79B;CD22;CD79A,1,Pt2-2
GSE288483,GSM8768684_Pt2-2,T_cell_zone,9,9,CD8A;IL7R;LTB;TRBC1;TRBC2;CD3E;CD3D;CD4;CCR7,1,Pt2-2
GSE288483,GSM8768685_Pt2-3,TLS_12CK,12,11,CXCL9;CXCL10;CXCL11;CXCL13;CCL19;CCL21;CCL2;CCL8;CCL5;CCL18;CCL4,0.916666666666667,Pt2-3
GSE288483,GSM8768685_Pt2-3,TLS_29_imprint,28,24,FCRL5;IGKC;JCHAIN;CXCL9;CXCL10;CXCL11;CXCL13;MZB1;CCL19;CCL21;IGHG4;IGHG2;IGHA1;IGHG1;IGHG3;IGHM;CCL2;CCL8;CCL5;CCL18;CCL4;CD79A;XBP1;SSR4,0.857142857142857,Pt2-3
GSE288483,GSM8768685_Pt2-3,mregDC,14,14,MARCKSL1;CD80;CD86;LAMP3;TNFAIP3;FSCN1;CD274;PDCD1LG2;CCL19;BIRC3;NFKBIA;CCL22;CCR7;CD40,1,Pt2-3
GSE288483,GSM8768685_Pt2-3,AP_MHCII,13,13,CD74;HLA-DRA;HLA-DRB5;HLA-DRB1;HLA-DQA1;HLA-DQB1;HLA-DQA2;TAP2;TAP1;HLA-DPA1;HLA-DPB1;B2M;CIITA,1,Pt2-3
GSE288483,GSM8768685_Pt2-3,B_cell_TLS,9,9,IGKC;CXCL13;BANK1;MS4A1;IGHM;CD19;CD79B;CD22;CD79A,1,Pt2-3
GSE288483,GSM8768685_Pt2-3,T_cell_zone,9,9,CD8A;IL7R;LTB;TRBC1;TRBC2;CD3E;CD3D;CD4;CCR7,1,Pt2-3
GSE288483,GSM8768686_Pt2-4,TLS_12CK,12,11,CXCL9;CXCL10;CXCL11;CXCL13;CCL19;CCL21;CCL2;CCL8;CCL5;CCL18;CCL4,0.916666666666667,Pt2-4
GSE288483,GSM8768686_Pt2-4,TLS_29_imprint,28,24,FCRL5;IGKC;JCHAIN;CXCL9;CXCL10;CXCL11;CXCL13;MZB1;CCL19;CCL21;IGHG4;IGHG2;IGHA1;IGHG1;IGHG3;IGHM;CCL2;CCL8;CCL5;CCL18;CCL4;CD79A;XBP1;SSR4,0.857142857142857,Pt2-4
GSE288483,GSM8768686_Pt2-4,mregDC,14,14,MARCKSL1;CD80;CD86;LAMP3;TNFAIP3;FSCN1;CD274;PDCD1LG2;CCL19;BIRC3;NFKBIA;CCL22;CCR7;CD40,1,Pt2-4
GSE288483,GSM8768686_Pt2-4,AP_MHCII,13,13,CD74;HLA-DRA;HLA-DRB5;HLA-DRB1;HLA-DQA1;HLA-DQB1;HLA-DQA2;TAP2;TAP1;HLA-DPA1;HLA-DPB1;B2M;CIITA,1,Pt2-4
GSE288483,GSM8768686_Pt2-4,B_cell_TLS,9,9,IGKC;CXCL13;BANK1;MS4A1;IGHM;CD19;CD79B;CD22;CD79A,1,Pt2-4
GSE288483,GSM8768686_Pt2-4,T_cell_zone,9,9,CD8A;IL7R;LTB;TRBC1;TRBC2;CD3E;CD3D;CD4;CCR7,1,Pt2-4
