dataset,sample_id,TLS_decile,readout,value
10x_human_ovarian_cancer_ffpe_visium,10x_human_ovarian_cancer_ffpe_visium,1,median mregDC score,-0.469825432526049
10x_human_ovarian_cancer_ffpe_visium,10x_human_ovarian_cancer_ffpe_visium,1,median MHC-II score,-1.1819269490223
10x_human_ovarian_cancer_ffpe_visium,10x_human_ovarian_cancer_ffpe_visium,1,mregDC-high fraction,0.00289017341040462
10x_human_ovarian_cancer_ffpe_visium,10x_human_ovarian_cancer_ffpe_visium,1,MHC-II-high fraction,0
10x_human_ovarian_cancer_ffpe_visium,10x_human_ovarian_cancer_ffpe_visium,1,TLS/mregDC co-high fraction,0
10x_human_ovarian_cancer_ffpe_visium,10x_human_ovarian_cancer_ffpe_visium,2,median mregDC score,-0.318852436623047
10x_human_ovarian_cancer_ffpe_visium,10x_human_ovarian_cancer_ffpe_visium,2,median MHC-II score,-0.627649898109857
10x_human_ovarian_cancer_ffpe_visium,10x_human_ovarian_cancer_ffpe_visium,2,mregDC-high fraction,0.00867052023121387
10x_human_ovarian_cancer_ffpe_visium,10x_human_ovarian_cancer_ffpe_visium,2,MHC-II-high fraction,0.023121387283237
10x_human_ovarian_cancer_ffpe_visium,10x_human_ovarian_cancer_ffpe_visium,2,TLS/mregDC co-high fraction,0
10x_human_ovarian_cancer_ffpe_visium,10x_human_ovarian_cancer_ffpe_visium,3,median mregDC score,-0.131306512543405
10x_human_ovarian_cancer_ffpe_visium,10x_human_ovarian_cancer_ffpe_visium,3,median MHC-II score,-0.0918525771676593
10x_human_ovarian_cancer_ffpe_visium,10x_human_ovarian_cancer_ffpe_visium,3,mregDC-high fraction,0.0317919075144509
10x_human_ovarian_cancer_ffpe_visium,10x_human_ovarian_cancer_ffpe_visium,3,MHC-II-high fraction,0.0289017341040462
10x_human_ovarian_cancer_ffpe_visium,10x_human_ovarian_cancer_ffpe_visium,3,TLS/mregDC co-high fraction,0
10x_human_ovarian_cancer_ffpe_visium,10x_human_ovarian_cancer_ffpe_visium,4,median mregDC score,-0.0398897190344816
10x_human_ovarian_cancer_ffpe_visium,10x_human_ovarian_cancer_ffpe_visium,4,median MHC-II score,0.133788143093898
10x_human_ovarian_cancer_ffpe_visium,10x_human_ovarian_cancer_ffpe_visium,4,mregDC-high fraction,0.0375722543352601
10x_human_ovarian_cancer_ffpe_visium,10x_human_ovarian_cancer_ffpe_visium,4,MHC-II-high fraction,0.0895953757225434
10x_human_ovarian_cancer_ffpe_visium,10x_human_ovarian_cancer_ffpe_visium,4,TLS/mregDC co-high fraction,0
10x_human_ovarian_cancer_ffpe_visium,10x_human_ovarian_cancer_ffpe_visium,5,median mregDC score,0.0446091965747346
10x_human_ovarian_cancer_ffpe_visium,10x_human_ovarian_cancer_ffpe_visium,5,median MHC-II score,0.213330284900223
10x_human_ovarian_cancer_ffpe_visium,10x_human_ovarian_cancer_ffpe_visium,5,mregDC-high fraction,0.0520231213872832
10x_human_ovarian_cancer_ffpe_visium,10x_human_ovarian_cancer_ffpe_visium,5,MHC-II-high fraction,0.0953757225433526
10x_human_ovarian_cancer_ffpe_visium,10x_human_ovarian_cancer_ffpe_visium,5,TLS/mregDC co-high fraction,0
10x_human_ovarian_cancer_ffpe_visium,10x_human_ovarian_cancer_ffpe_visium,6,median mregDC score,0.0888390276849323
10x_human_ovarian_cancer_ffpe_visium,10x_human_ovarian_cancer_ffpe_visium,6,median MHC-II score,0.287232981392921
10x_human_ovarian_cancer_ffpe_visium,10x_human_ovarian_cancer_ffpe_visium,6,mregDC-high fraction,0.104347826086957
10x_human_ovarian_cancer_ffpe_visium,10x_human_ovarian_cancer_ffpe_visium,6,MHC-II-high fraction,0.110144927536232
10x_human_ovarian_cancer_ffpe_visium,10x_human_ovarian_cancer_ffpe_visium,6,TLS/mregDC co-high fraction,0
10x_human_ovarian_cancer_ffpe_visium,10x_human_ovarian_cancer_ffpe_visium,7,median mregDC score,0.0987630568104127
10x_human_ovarian_cancer_ffpe_visium,10x_human_ovarian_cancer_ffpe_visium,7,median MHC-II score,0.310518423030926
10x_human_ovarian_cancer_ffpe_visium,10x_human_ovarian_cancer_ffpe_visium,7,mregDC-high fraction,0.115942028985507
10x_human_ovarian_cancer_ffpe_visium,10x_human_ovarian_cancer_ffpe_visium,7,MHC-II-high fraction,0.121739130434783
10x_human_ovarian_cancer_ffpe_visium,10x_human_ovarian_cancer_ffpe_visium,7,TLS/mregDC co-high fraction,0
10x_human_ovarian_cancer_ffpe_visium,10x_human_ovarian_cancer_ffpe_visium,8,median mregDC score,0.133092784393072
10x_human_ovarian_cancer_ffpe_visium,10x_human_ovarian_cancer_ffpe_visium,8,median MHC-II score,0.340561295500483
10x_human_ovarian_cancer_ffpe_visium,10x_human_ovarian_cancer_ffpe_visium,8,mregDC-high fraction,0.156521739130435
10x_human_ovarian_cancer_ffpe_visium,10x_human_ovarian_cancer_ffpe_visium,8,MHC-II-high fraction,0.16231884057971
10x_human_ovarian_cancer_ffpe_visium,10x_human_ovarian_cancer_ffpe_visium,8,TLS/mregDC co-high fraction,0
10x_human_ovarian_cancer_ffpe_visium,10x_human_ovarian_cancer_ffpe_visium,9,median mregDC score,0.188169750875218
10x_human_ovarian_cancer_ffpe_visium,10x_human_ovarian_cancer_ffpe_visium,9,median MHC-II score,0.36242382869412
10x_human_ovarian_cancer_ffpe_visium,10x_human_ovarian_cancer_ffpe_visium,9,mregDC-high fraction,0.2
10x_human_ovarian_cancer_ffpe_visium,10x_human_ovarian_cancer_ffpe_visium,9,MHC-II-high fraction,0.185507246376812
10x_human_ovarian_cancer_ffpe_visium,10x_human_ovarian_cancer_ffpe_visium,9,TLS/mregDC co-high fraction,0
10x_human_ovarian_cancer_ffpe_visium,10x_human_ovarian_cancer_ffpe_visium,10,median mregDC score,0.241398849129298
10x_human_ovarian_cancer_ffpe_visium,10x_human_ovarian_cancer_ffpe_visium,10,median MHC-II score,0.384815347141348
10x_human_ovarian_cancer_ffpe_visium,10x_human_ovarian_cancer_ffpe_visium,10,mregDC-high fraction,0.292753623188406
10x_human_ovarian_cancer_ffpe_visium,10x_human_ovarian_cancer_ffpe_visium,10,MHC-II-high fraction,0.185507246376812
10x_human_ovarian_cancer_ffpe_visium,10x_human_ovarian_cancer_ffpe_visium,10,TLS/mregDC co-high fraction,0.292753623188406
GSE211956,GSM6506110_SP1,1,median mregDC score,-0.145721411168077
GSE211956,GSM6506110_SP1,1,median MHC-II score,-0.338042997335904
GSE211956,GSM6506110_SP1,1,mregDC-high fraction,0.0510204081632653
GSE211956,GSM6506110_SP1,1,MHC-II-high fraction,0.0204081632653061
GSE211956,GSM6506110_SP1,1,TLS/mregDC co-high fraction,0
GSE211956,GSM6506110_SP1,2,median mregDC score,-0.0994956336099276
GSE211956,GSM6506110_SP1,2,median MHC-II score,-0.207692379519892
GSE211956,GSM6506110_SP1,2,mregDC-high fraction,0.102040816326531
GSE211956,GSM6506110_SP1,2,MHC-II-high fraction,0.0510204081632653
GSE211956,GSM6506110_SP1,2,TLS/mregDC co-high fraction,0
GSE211956,GSM6506110_SP1,3,median mregDC score,-0.0707243978213044
GSE211956,GSM6506110_SP1,3,median MHC-II score,-0.223961281017874
GSE211956,GSM6506110_SP1,3,mregDC-high fraction,0.0476190476190476
GSE211956,GSM6506110_SP1,3,MHC-II-high fraction,0.0238095238095238
GSE211956,GSM6506110_SP1,3,TLS/mregDC co-high fraction,0
GSE211956,GSM6506110_SP1,4,median mregDC score,-0.0713656634506485
GSE211956,GSM6506110_SP1,4,median MHC-II score,-0.228102044513069
GSE211956,GSM6506110_SP1,4,mregDC-high fraction,0.0408163265306122
GSE211956,GSM6506110_SP1,4,MHC-II-high fraction,0.0204081632653061
GSE211956,GSM6506110_SP1,4,TLS/mregDC co-high fraction,0
GSE211956,GSM6506110_SP1,5,median mregDC score,-0.0534634252912683
GSE211956,GSM6506110_SP1,5,median MHC-II score,-0.145974138969108
GSE211956,GSM6506110_SP1,5,mregDC-high fraction,0.0476190476190476
GSE211956,GSM6506110_SP1,5,MHC-II-high fraction,0.0510204081632653
GSE211956,GSM6506110_SP1,5,TLS/mregDC co-high fraction,0
GSE211956,GSM6506110_SP1,6,median mregDC score,-0.0535890780215373
GSE211956,GSM6506110_SP1,6,median MHC-II score,-0.133971459668651
GSE211956,GSM6506110_SP1,6,mregDC-high fraction,0.0714285714285714
GSE211956,GSM6506110_SP1,6,MHC-II-high fraction,0.0680272108843538
GSE211956,GSM6506110_SP1,6,TLS/mregDC co-high fraction,0
GSE211956,GSM6506110_SP1,7,median mregDC score,-0.0657745896265739
GSE211956,GSM6506110_SP1,7,median MHC-II score,-0.0298599924163108
GSE211956,GSM6506110_SP1,7,mregDC-high fraction,0.0612244897959184
GSE211956,GSM6506110_SP1,7,MHC-II-high fraction,0.0952380952380952
GSE211956,GSM6506110_SP1,7,TLS/mregDC co-high fraction,0
GSE211956,GSM6506110_SP1,8,median mregDC score,-0.063952196537481
GSE211956,GSM6506110_SP1,8,median MHC-II score,0.0692711393807261
GSE211956,GSM6506110_SP1,8,mregDC-high fraction,0.115646258503401
GSE211956,GSM6506110_SP1,8,MHC-II-high fraction,0.112244897959184
GSE211956,GSM6506110_SP1,8,TLS/mregDC co-high fraction,0
GSE211956,GSM6506110_SP1,9,median mregDC score,-0.0460491489718405
GSE211956,GSM6506110_SP1,9,median MHC-II score,0.114199465608062
GSE211956,GSM6506110_SP1,9,mregDC-high fraction,0.163265306122449
GSE211956,GSM6506110_SP1,9,MHC-II-high fraction,0.159863945578231
GSE211956,GSM6506110_SP1,9,TLS/mregDC co-high fraction,0
GSE211956,GSM6506110_SP1,10,median mregDC score,0.077849030000009
GSE211956,GSM6506110_SP1,10,median MHC-II score,0.504469100952161
GSE211956,GSM6506110_SP1,10,mregDC-high fraction,0.299319727891156
GSE211956,GSM6506110_SP1,10,MHC-II-high fraction,0.397959183673469
GSE211956,GSM6506110_SP1,10,TLS/mregDC co-high fraction,0.299319727891156
GSE211956,GSM6506111_SP2,1,median mregDC score,-0.0903335727066212
GSE211956,GSM6506111_SP2,1,median MHC-II score,-0.349599845476831
GSE211956,GSM6506111_SP2,1,mregDC-high fraction,0.0154639175257732
GSE211956,GSM6506111_SP2,1,MHC-II-high fraction,0
GSE211956,GSM6506111_SP2,1,TLS/mregDC co-high fraction,0
GSE211956,GSM6506111_SP2,2,median mregDC score,-0.112712312886509
GSE211956,GSM6506111_SP2,2,median MHC-II score,-0.213786962552968
GSE211956,GSM6506111_SP2,2,mregDC-high fraction,0.0515463917525773
GSE211956,GSM6506111_SP2,2,MHC-II-high fraction,0.0257731958762887
GSE211956,GSM6506111_SP2,2,TLS/mregDC co-high fraction,0
GSE211956,GSM6506111_SP2,3,median mregDC score,-0.108530235729887
GSE211956,GSM6506111_SP2,3,median MHC-II score,-0.130860900207381
GSE211956,GSM6506111_SP2,3,mregDC-high fraction,0.0515463917525773
GSE211956,GSM6506111_SP2,3,MHC-II-high fraction,0.0463917525773196
GSE211956,GSM6506111_SP2,3,TLS/mregDC co-high fraction,0
GSE211956,GSM6506111_SP2,4,median mregDC score,-0.0936554208209107
GSE211956,GSM6506111_SP2,4,median MHC-II score,-0.145591505993269
GSE211956,GSM6506111_SP2,4,mregDC-high fraction,0.0618556701030928
GSE211956,GSM6506111_SP2,4,MHC-II-high fraction,0.0463917525773196
GSE211956,GSM6506111_SP2,4,TLS/mregDC co-high fraction,0
GSE211956,GSM6506111_SP2,5,median mregDC score,-0.0573909209114557
GSE211956,GSM6506111_SP2,5,median MHC-II score,-0.114235531095575
GSE211956,GSM6506111_SP2,5,mregDC-high fraction,0.0463917525773196
GSE211956,GSM6506111_SP2,5,MHC-II-high fraction,0.0360824742268041
GSE211956,GSM6506111_SP2,5,TLS/mregDC co-high fraction,0
GSE211956,GSM6506111_SP2,6,median mregDC score,-0.0177452871462317
GSE211956,GSM6506111_SP2,6,median MHC-II score,-0.0336718626460636
GSE211956,GSM6506111_SP2,6,mregDC-high fraction,0.0932642487046632
GSE211956,GSM6506111_SP2,6,MHC-II-high fraction,0.0880829015544041
GSE211956,GSM6506111_SP2,6,TLS/mregDC co-high fraction,0
GSE211956,GSM6506111_SP2,7,median mregDC score,-0.0393828870937088
GSE211956,GSM6506111_SP2,7,median MHC-II score,-0.0131744680533484
GSE211956,GSM6506111_SP2,7,mregDC-high fraction,0.119170984455959
GSE211956,GSM6506111_SP2,7,MHC-II-high fraction,0.0932642487046632
GSE211956,GSM6506111_SP2,7,TLS/mregDC co-high fraction,0
GSE211956,GSM6506111_SP2,8,median mregDC score,-0.0091196561431368
GSE211956,GSM6506111_SP2,8,median MHC-II score,0.127160715621067
GSE211956,GSM6506111_SP2,8,mregDC-high fraction,0.129533678756477
GSE211956,GSM6506111_SP2,8,MHC-II-high fraction,0.160621761658031
GSE211956,GSM6506111_SP2,8,TLS/mregDC co-high fraction,0
GSE211956,GSM6506111_SP2,9,median mregDC score,0.0662885156114722
GSE211956,GSM6506111_SP2,9,median MHC-II score,0.219862878289339
GSE211956,GSM6506111_SP2,9,mregDC-high fraction,0.170984455958549
GSE211956,GSM6506111_SP2,9,MHC-II-high fraction,0.176165803108808
GSE211956,GSM6506111_SP2,9,TLS/mregDC co-high fraction,0
GSE211956,GSM6506111_SP2,10,median mregDC score,0.144704187193425
GSE211956,GSM6506111_SP2,10,median MHC-II score,0.355898002866301
GSE211956,GSM6506111_SP2,10,mregDC-high fraction,0.264248704663212
GSE211956,GSM6506111_SP2,10,MHC-II-high fraction,0.33160621761658
GSE211956,GSM6506111_SP2,10,TLS/mregDC co-high fraction,0.264248704663212
GSE211956,GSM6506112_SP3,1,median mregDC score,-0.162544109983894
GSE211956,GSM6506112_SP3,1,median MHC-II score,-0.530383850799433
GSE211956,GSM6506112_SP3,1,mregDC-high fraction,0.0264900662251656
GSE211956,GSM6506112_SP3,1,MHC-II-high fraction,0
GSE211956,GSM6506112_SP3,1,TLS/mregDC co-high fraction,0
GSE211956,GSM6506112_SP3,2,median mregDC score,-0.0853473350634529
GSE211956,GSM6506112_SP3,2,median MHC-II score,-0.442970945801659
GSE211956,GSM6506112_SP3,2,mregDC-high fraction,0.0596026490066225
GSE211956,GSM6506112_SP3,2,MHC-II-high fraction,0
GSE211956,GSM6506112_SP3,2,TLS/mregDC co-high fraction,0
GSE211956,GSM6506112_SP3,3,median mregDC score,-0.0723001121364319
GSE211956,GSM6506112_SP3,3,median MHC-II score,-0.17093206606826
GSE211956,GSM6506112_SP3,3,mregDC-high fraction,0.033112582781457
GSE211956,GSM6506112_SP3,3,MHC-II-high fraction,0.0397350993377483
GSE211956,GSM6506112_SP3,3,TLS/mregDC co-high fraction,0
GSE211956,GSM6506112_SP3,4,median mregDC score,-0.0765878699479513
GSE211956,GSM6506112_SP3,4,median MHC-II score,-0.149640507840389
GSE211956,GSM6506112_SP3,4,mregDC-high fraction,0.0794701986754967
GSE211956,GSM6506112_SP3,4,MHC-II-high fraction,0.0529801324503311
GSE211956,GSM6506112_SP3,4,TLS/mregDC co-high fraction,0
GSE211956,GSM6506112_SP3,5,median mregDC score,-0.0857528386553564
GSE211956,GSM6506112_SP3,5,median MHC-II score,-0.0802272005412834
GSE211956,GSM6506112_SP3,5,mregDC-high fraction,0.06
GSE211956,GSM6506112_SP3,5,MHC-II-high fraction,0.0466666666666667
GSE211956,GSM6506112_SP3,5,TLS/mregDC co-high fraction,0
GSE211956,GSM6506112_SP3,6,median mregDC score,-0.0666518464007045
GSE211956,GSM6506112_SP3,6,median MHC-II score,-0.0473720766293519
GSE211956,GSM6506112_SP3,6,mregDC-high fraction,0.06
GSE211956,GSM6506112_SP3,6,MHC-II-high fraction,0.106666666666667
GSE211956,GSM6506112_SP3,6,TLS/mregDC co-high fraction,0
GSE211956,GSM6506112_SP3,7,median mregDC score,-0.0683167389258229
GSE211956,GSM6506112_SP3,7,median MHC-II score,-0.0142278659280286
GSE211956,GSM6506112_SP3,7,mregDC-high fraction,0.0266666666666667
GSE211956,GSM6506112_SP3,7,MHC-II-high fraction,0.14
GSE211956,GSM6506112_SP3,7,TLS/mregDC co-high fraction,0
GSE211956,GSM6506112_SP3,8,median mregDC score,-0.00351292709254484
GSE211956,GSM6506112_SP3,8,median MHC-II score,0.0710002236590677
GSE211956,GSM6506112_SP3,8,mregDC-high fraction,0.146666666666667
GSE211956,GSM6506112_SP3,8,MHC-II-high fraction,0.113333333333333
GSE211956,GSM6506112_SP3,8,TLS/mregDC co-high fraction,0
GSE211956,GSM6506112_SP3,9,median mregDC score,-0.0399112679500056
GSE211956,GSM6506112_SP3,9,median MHC-II score,0.236769315809262
GSE211956,GSM6506112_SP3,9,mregDC-high fraction,0.153333333333333
GSE211956,GSM6506112_SP3,9,MHC-II-high fraction,0.14
GSE211956,GSM6506112_SP3,9,TLS/mregDC co-high fraction,0
GSE211956,GSM6506112_SP3,10,median mregDC score,0.204271220687655
GSE211956,GSM6506112_SP3,10,median MHC-II score,0.599127534347951
GSE211956,GSM6506112_SP3,10,mregDC-high fraction,0.36
GSE211956,GSM6506112_SP3,10,MHC-II-high fraction,0.366666666666667
GSE211956,GSM6506112_SP3,10,TLS/mregDC co-high fraction,0.36
GSE211956,GSM6506113_SP4,1,median mregDC score,-0.0755536449300457
GSE211956,GSM6506113_SP4,1,median MHC-II score,-0.165052787364893
GSE211956,GSM6506113_SP4,1,mregDC-high fraction,0.0930232558139535
GSE211956,GSM6506113_SP4,1,MHC-II-high fraction,0.0498338870431894
GSE211956,GSM6506113_SP4,1,TLS/mregDC co-high fraction,0
GSE211956,GSM6506113_SP4,2,median mregDC score,-0.051731345684891
GSE211956,GSM6506113_SP4,2,median MHC-II score,-0.0783631771021159
GSE211956,GSM6506113_SP4,2,mregDC-high fraction,0.122923588039867
GSE211956,GSM6506113_SP4,2,MHC-II-high fraction,0.0897009966777409
GSE211956,GSM6506113_SP4,2,TLS/mregDC co-high fraction,0
GSE211956,GSM6506113_SP4,3,median mregDC score,-0.0841228665370027
GSE211956,GSM6506113_SP4,3,median MHC-II score,-0.0352702364467891
GSE211956,GSM6506113_SP4,3,mregDC-high fraction,0.079734219269103
GSE211956,GSM6506113_SP4,3,MHC-II-high fraction,0.0897009966777409
GSE211956,GSM6506113_SP4,3,TLS/mregDC co-high fraction,0
GSE211956,GSM6506113_SP4,4,median mregDC score,-0.0847698488380786
GSE211956,GSM6506113_SP4,4,median MHC-II score,-0.0201300763734198
GSE211956,GSM6506113_SP4,4,mregDC-high fraction,0.0963455149501661
GSE211956,GSM6506113_SP4,4,MHC-II-high fraction,0.053156146179402
GSE211956,GSM6506113_SP4,4,TLS/mregDC co-high fraction,0
GSE211956,GSM6506113_SP4,5,median mregDC score,-0.0758086153762619
GSE211956,GSM6506113_SP4,5,median MHC-II score,-0.0149453035406924
GSE211956,GSM6506113_SP4,5,mregDC-high fraction,0.119601328903655
GSE211956,GSM6506113_SP4,5,MHC-II-high fraction,0.122923588039867
GSE211956,GSM6506113_SP4,5,TLS/mregDC co-high fraction,0
GSE211956,GSM6506113_SP4,6,median mregDC score,-0.0860580067294988
GSE211956,GSM6506113_SP4,6,median MHC-II score,0.0241874592262025
GSE211956,GSM6506113_SP4,6,mregDC-high fraction,0.0897009966777409
GSE211956,GSM6506113_SP4,6,MHC-II-high fraction,0.109634551495017
GSE211956,GSM6506113_SP4,6,TLS/mregDC co-high fraction,0
GSE211956,GSM6506113_SP4,7,median mregDC score,-0.0998337799189443
GSE211956,GSM6506113_SP4,7,median MHC-II score,0.0602898182563866
GSE211956,GSM6506113_SP4,7,mregDC-high fraction,0.0963455149501661
GSE211956,GSM6506113_SP4,7,MHC-II-high fraction,0.136212624584718
GSE211956,GSM6506113_SP4,7,TLS/mregDC co-high fraction,0
GSE211956,GSM6506113_SP4,8,median mregDC score,-0.0620347391657188
GSE211956,GSM6506113_SP4,8,median MHC-II score,0.0255835936720066
GSE211956,GSM6506113_SP4,8,mregDC-high fraction,0.07
GSE211956,GSM6506113_SP4,8,MHC-II-high fraction,0.12
GSE211956,GSM6506113_SP4,8,TLS/mregDC co-high fraction,0
GSE211956,GSM6506113_SP4,9,median mregDC score,-0.0416991658128513
GSE211956,GSM6506113_SP4,9,median MHC-II score,0.014880261451277
GSE211956,GSM6506113_SP4,9,mregDC-high fraction,0.103333333333333
GSE211956,GSM6506113_SP4,9,MHC-II-high fraction,0.12
GSE211956,GSM6506113_SP4,9,TLS/mregDC co-high fraction,0
GSE211956,GSM6506113_SP4,10,median mregDC score,-0.0595642238188975
GSE211956,GSM6506113_SP4,10,median MHC-II score,-0.0246794579287479
GSE211956,GSM6506113_SP4,10,mregDC-high fraction,0.13
GSE211956,GSM6506113_SP4,10,MHC-II-high fraction,0.11
GSE211956,GSM6506113_SP4,10,TLS/mregDC co-high fraction,0.13
GSE211956,GSM6506114_SP5,1,median mregDC score,-0.200631121655562
GSE211956,GSM6506114_SP5,1,median MHC-II score,-0.312139395409224
GSE211956,GSM6506114_SP5,1,mregDC-high fraction,0.0469483568075117
GSE211956,GSM6506114_SP5,1,MHC-II-high fraction,0.00469483568075117
GSE211956,GSM6506114_SP5,1,TLS/mregDC co-high fraction,0
GSE211956,GSM6506114_SP5,2,median mregDC score,-0.106858481639223
GSE211956,GSM6506114_SP5,2,median MHC-II score,-0.0238464946492958
GSE211956,GSM6506114_SP5,2,mregDC-high fraction,0.0563380281690141
GSE211956,GSM6506114_SP5,2,MHC-II-high fraction,0.0563380281690141
GSE211956,GSM6506114_SP5,2,TLS/mregDC co-high fraction,0
GSE211956,GSM6506114_SP5,3,median mregDC score,-0.0853914424580987
GSE211956,GSM6506114_SP5,3,median MHC-II score,-0.0131649157196767
GSE211956,GSM6506114_SP5,3,mregDC-high fraction,0.0469483568075117
GSE211956,GSM6506114_SP5,3,MHC-II-high fraction,0.0563380281690141
GSE211956,GSM6506114_SP5,3,TLS/mregDC co-high fraction,0
GSE211956,GSM6506114_SP5,4,median mregDC score,-0.0285912720838246
GSE211956,GSM6506114_SP5,4,median MHC-II score,0.0811921964610971
GSE211956,GSM6506114_SP5,4,mregDC-high fraction,0.0328638497652582
GSE211956,GSM6506114_SP5,4,MHC-II-high fraction,0.0985915492957746
GSE211956,GSM6506114_SP5,4,TLS/mregDC co-high fraction,0
GSE211956,GSM6506114_SP5,5,median mregDC score,-0.0476685228105492
GSE211956,GSM6506114_SP5,5,median MHC-II score,0.0860352347453798
GSE211956,GSM6506114_SP5,5,mregDC-high fraction,0.0754716981132076
GSE211956,GSM6506114_SP5,5,MHC-II-high fraction,0.0990566037735849
GSE211956,GSM6506114_SP5,5,TLS/mregDC co-high fraction,0
GSE211956,GSM6506114_SP5,6,median mregDC score,-0.012480790847876
GSE211956,GSM6506114_SP5,6,median MHC-II score,0.109132985693512
GSE211956,GSM6506114_SP5,6,mregDC-high fraction,0.089622641509434
GSE211956,GSM6506114_SP5,6,MHC-II-high fraction,0.117924528301887
GSE211956,GSM6506114_SP5,6,TLS/mregDC co-high fraction,0
GSE211956,GSM6506114_SP5,7,median mregDC score,-0.0351212824447208
GSE211956,GSM6506114_SP5,7,median MHC-II score,0.145483605895919
GSE211956,GSM6506114_SP5,7,mregDC-high fraction,0.0707547169811321
GSE211956,GSM6506114_SP5,7,MHC-II-high fraction,0.150943396226415
GSE211956,GSM6506114_SP5,7,TLS/mregDC co-high fraction,0
GSE211956,GSM6506114_SP5,8,median mregDC score,0.0181874059955661
GSE211956,GSM6506114_SP5,8,median MHC-II score,0.219244433520225
GSE211956,GSM6506114_SP5,8,mregDC-high fraction,0.122641509433962
GSE211956,GSM6506114_SP5,8,MHC-II-high fraction,0.179245283018868
GSE211956,GSM6506114_SP5,8,TLS/mregDC co-high fraction,0
GSE211956,GSM6506114_SP5,9,median mregDC score,0.0550013759858337
GSE211956,GSM6506114_SP5,9,median MHC-II score,0.113090612248703
GSE211956,GSM6506114_SP5,9,mregDC-high fraction,0.113207547169811
GSE211956,GSM6506114_SP5,9,MHC-II-high fraction,0.136792452830189
GSE211956,GSM6506114_SP5,9,TLS/mregDC co-high fraction,0.00471698113207547
GSE211956,GSM6506114_SP5,10,median mregDC score,0.235376023909288
GSE211956,GSM6506114_SP5,10,median MHC-II score,0.11489713265766
GSE211956,GSM6506114_SP5,10,mregDC-high fraction,0.349056603773585
GSE211956,GSM6506114_SP5,10,MHC-II-high fraction,0.10377358490566
GSE211956,GSM6506114_SP5,10,TLS/mregDC co-high fraction,0.349056603773585
GSE211956,GSM6506115_SP6,1,median mregDC score,-0.0102417223946502
GSE211956,GSM6506115_SP6,1,median MHC-II score,-0.330133400936467
GSE211956,GSM6506115_SP6,1,mregDC-high fraction,0.0441988950276243
GSE211956,GSM6506115_SP6,1,MHC-II-high fraction,0.0276243093922652
GSE211956,GSM6506115_SP6,1,TLS/mregDC co-high fraction,0
GSE211956,GSM6506115_SP6,2,median mregDC score,-0.0623664104958954
GSE211956,GSM6506115_SP6,2,median MHC-II score,-0.19970294255812
GSE211956,GSM6506115_SP6,2,mregDC-high fraction,0.0666666666666667
GSE211956,GSM6506115_SP6,2,MHC-II-high fraction,0.0277777777777778
GSE211956,GSM6506115_SP6,2,TLS/mregDC co-high fraction,0
GSE211956,GSM6506115_SP6,3,median mregDC score,-0.0602946701792417
GSE211956,GSM6506115_SP6,3,median MHC-II score,-0.210467133613895
GSE211956,GSM6506115_SP6,3,mregDC-high fraction,0.1
GSE211956,GSM6506115_SP6,3,MHC-II-high fraction,0.0444444444444444
GSE211956,GSM6506115_SP6,3,TLS/mregDC co-high fraction,0
GSE211956,GSM6506115_SP6,4,median mregDC score,-0.0518253613687889
GSE211956,GSM6506115_SP6,4,median MHC-II score,-0.144561625805073
GSE211956,GSM6506115_SP6,4,mregDC-high fraction,0.0833333333333333
GSE211956,GSM6506115_SP6,4,MHC-II-high fraction,0.0444444444444444
GSE211956,GSM6506115_SP6,4,TLS/mregDC co-high fraction,0
GSE211956,GSM6506115_SP6,5,median mregDC score,-0.0728341870149455
GSE211956,GSM6506115_SP6,5,median MHC-II score,-0.155121002459174
GSE211956,GSM6506115_SP6,5,mregDC-high fraction,0.0722222222222222
GSE211956,GSM6506115_SP6,5,MHC-II-high fraction,0.0555555555555556
GSE211956,GSM6506115_SP6,5,TLS/mregDC co-high fraction,0
GSE211956,GSM6506115_SP6,6,median mregDC score,-0.0857225201597666
GSE211956,GSM6506115_SP6,6,median MHC-II score,-0.106472304643002
GSE211956,GSM6506115_SP6,6,mregDC-high fraction,0.0777777777777778
GSE211956,GSM6506115_SP6,6,MHC-II-high fraction,0.0722222222222222
GSE211956,GSM6506115_SP6,6,TLS/mregDC co-high fraction,0
GSE211956,GSM6506115_SP6,7,median mregDC score,-0.0553950204132538
GSE211956,GSM6506115_SP6,7,median MHC-II score,-0.127222411849129
GSE211956,GSM6506115_SP6,7,mregDC-high fraction,0.111111111111111
GSE211956,GSM6506115_SP6,7,MHC-II-high fraction,0.0833333333333333
GSE211956,GSM6506115_SP6,7,TLS/mregDC co-high fraction,0
GSE211956,GSM6506115_SP6,8,median mregDC score,-0.0431675479911099
GSE211956,GSM6506115_SP6,8,median MHC-II score,-0.00433591202117739
GSE211956,GSM6506115_SP6,8,mregDC-high fraction,0.0833333333333333
GSE211956,GSM6506115_SP6,8,MHC-II-high fraction,0.133333333333333
GSE211956,GSM6506115_SP6,8,TLS/mregDC co-high fraction,0
GSE211956,GSM6506115_SP6,9,median mregDC score,-0.0776361270744198
GSE211956,GSM6506115_SP6,9,median MHC-II score,0.19409325918134
GSE211956,GSM6506115_SP6,9,mregDC-high fraction,0.0888888888888889
GSE211956,GSM6506115_SP6,9,MHC-II-high fraction,0.155555555555556
GSE211956,GSM6506115_SP6,9,TLS/mregDC co-high fraction,0
GSE211956,GSM6506115_SP6,10,median mregDC score,0.0924777424494234
GSE211956,GSM6506115_SP6,10,median MHC-II score,0.640022338816759
GSE211956,GSM6506115_SP6,10,mregDC-high fraction,0.277777777777778
GSE211956,GSM6506115_SP6,10,MHC-II-high fraction,0.361111111111111
GSE211956,GSM6506115_SP6,10,TLS/mregDC co-high fraction,0.277777777777778
GSE211956,GSM6506116_SP7,1,median mregDC score,-0.264718182163954
GSE211956,GSM6506116_SP7,1,median MHC-II score,-0.231775687753891
GSE211956,GSM6506116_SP7,1,mregDC-high fraction,0.0576923076923077
GSE211956,GSM6506116_SP7,1,MHC-II-high fraction,0.043956043956044
GSE211956,GSM6506116_SP7,1,TLS/mregDC co-high fraction,0
GSE211956,GSM6506116_SP7,2,median mregDC score,-0.0883214107823604
GSE211956,GSM6506116_SP7,2,median MHC-II score,-0.07057652100315
GSE211956,GSM6506116_SP7,2,mregDC-high fraction,0.0741758241758242
GSE211956,GSM6506116_SP7,2,MHC-II-high fraction,0.0631868131868132
GSE211956,GSM6506116_SP7,2,TLS/mregDC co-high fraction,0
GSE211956,GSM6506116_SP7,3,median mregDC score,-0.0626608374507577
GSE211956,GSM6506116_SP7,3,median MHC-II score,-0.0616515643069095
GSE211956,GSM6506116_SP7,3,mregDC-high fraction,0.0881542699724518
GSE211956,GSM6506116_SP7,3,MHC-II-high fraction,0.0716253443526171
GSE211956,GSM6506116_SP7,3,TLS/mregDC co-high fraction,0
GSE211956,GSM6506116_SP7,4,median mregDC score,-0.042203821496592
GSE211956,GSM6506116_SP7,4,median MHC-II score,-0.0140850905090793
GSE211956,GSM6506116_SP7,4,mregDC-high fraction,0.0743801652892562
GSE211956,GSM6506116_SP7,4,MHC-II-high fraction,0.0578512396694215
GSE211956,GSM6506116_SP7,4,TLS/mregDC co-high fraction,0
GSE211956,GSM6506116_SP7,5,median mregDC score,-0.0450185934735759
GSE211956,GSM6506116_SP7,5,median MHC-II score,0.0132187662760783
GSE211956,GSM6506116_SP7,5,mregDC-high fraction,0.0523415977961433
GSE211956,GSM6506116_SP7,5,MHC-II-high fraction,0.101928374655647
GSE211956,GSM6506116_SP7,5,TLS/mregDC co-high fraction,0
GSE211956,GSM6506116_SP7,6,median mregDC score,-0.0527869458003723
GSE211956,GSM6506116_SP7,6,median MHC-II score,0.0225678938548168
GSE211956,GSM6506116_SP7,6,mregDC-high fraction,0.0716253443526171
GSE211956,GSM6506116_SP7,6,MHC-II-high fraction,0.0743801652892562
GSE211956,GSM6506116_SP7,6,TLS/mregDC co-high fraction,0
GSE211956,GSM6506116_SP7,7,median mregDC score,-0.0146707182618642
GSE211956,GSM6506116_SP7,7,median MHC-II score,0.0462605622234648
GSE211956,GSM6506116_SP7,7,mregDC-high fraction,0.110192837465565
GSE211956,GSM6506116_SP7,7,MHC-II-high fraction,0.110192837465565
GSE211956,GSM6506116_SP7,7,TLS/mregDC co-high fraction,0
GSE211956,GSM6506116_SP7,8,median mregDC score,-0.0235165768530897
GSE211956,GSM6506116_SP7,8,median MHC-II score,0.0635295108812015
GSE211956,GSM6506116_SP7,8,mregDC-high fraction,0.0964187327823691
GSE211956,GSM6506116_SP7,8,MHC-II-high fraction,0.118457300275482
GSE211956,GSM6506116_SP7,8,TLS/mregDC co-high fraction,0
GSE211956,GSM6506116_SP7,9,median mregDC score,0.00695586449742683
GSE211956,GSM6506116_SP7,9,median MHC-II score,0.0264644146843836
GSE211956,GSM6506116_SP7,9,mregDC-high fraction,0.154269972451791
GSE211956,GSM6506116_SP7,9,MHC-II-high fraction,0.148760330578512
GSE211956,GSM6506116_SP7,9,TLS/mregDC co-high fraction,0
GSE211956,GSM6506116_SP7,10,median mregDC score,0.0394186716688667
GSE211956,GSM6506116_SP7,10,median MHC-II score,0.115179269615314
GSE211956,GSM6506116_SP7,10,mregDC-high fraction,0.223140495867769
GSE211956,GSM6506116_SP7,10,MHC-II-high fraction,0.212121212121212
GSE211956,GSM6506116_SP7,10,TLS/mregDC co-high fraction,0.223140495867769
GSE211956,GSM6506117_SP8,1,median mregDC score,-0.156521513849513
GSE211956,GSM6506117_SP8,1,median MHC-II score,-0.264424730519243
GSE211956,GSM6506117_SP8,1,mregDC-high fraction,0.050314465408805
GSE211956,GSM6506117_SP8,1,MHC-II-high fraction,0.0314465408805031
GSE211956,GSM6506117_SP8,1,TLS/mregDC co-high fraction,0
GSE211956,GSM6506117_SP8,2,median mregDC score,-0.102438478568767
GSE211956,GSM6506117_SP8,2,median MHC-II score,-0.233746146891091
GSE211956,GSM6506117_SP8,2,mregDC-high fraction,0.0628930817610063
GSE211956,GSM6506117_SP8,2,MHC-II-high fraction,0.0440251572327044
GSE211956,GSM6506117_SP8,2,TLS/mregDC co-high fraction,0
GSE211956,GSM6506117_SP8,3,median mregDC score,-0.107063702964504
GSE211956,GSM6506117_SP8,3,median MHC-II score,-0.159395013327276
GSE211956,GSM6506117_SP8,3,mregDC-high fraction,0.0534591194968554
GSE211956,GSM6506117_SP8,3,MHC-II-high fraction,0.0314465408805031
GSE211956,GSM6506117_SP8,3,TLS/mregDC co-high fraction,0
GSE211956,GSM6506117_SP8,4,median mregDC score,-0.0750894543816287
GSE211956,GSM6506117_SP8,4,median MHC-II score,-0.111701517275274
GSE211956,GSM6506117_SP8,4,mregDC-high fraction,0.0817610062893082
GSE211956,GSM6506117_SP8,4,MHC-II-high fraction,0.050314465408805
GSE211956,GSM6506117_SP8,4,TLS/mregDC co-high fraction,0
GSE211956,GSM6506117_SP8,5,median mregDC score,-0.0806702376038206
GSE211956,GSM6506117_SP8,5,median MHC-II score,-0.136072644444776
GSE211956,GSM6506117_SP8,5,mregDC-high fraction,0.0440251572327044
GSE211956,GSM6506117_SP8,5,MHC-II-high fraction,0.0723270440251572
GSE211956,GSM6506117_SP8,5,TLS/mregDC co-high fraction,0
GSE211956,GSM6506117_SP8,6,median mregDC score,-0.0520933973462919
GSE211956,GSM6506117_SP8,6,median MHC-II score,-0.0888881577576747
GSE211956,GSM6506117_SP8,6,mregDC-high fraction,0.0723270440251572
GSE211956,GSM6506117_SP8,6,MHC-II-high fraction,0.0911949685534591
GSE211956,GSM6506117_SP8,6,TLS/mregDC co-high fraction,0
GSE211956,GSM6506117_SP8,7,median mregDC score,-0.00990536259663302
GSE211956,GSM6506117_SP8,7,median MHC-II score,0.0166670536435855
GSE211956,GSM6506117_SP8,7,mregDC-high fraction,0.0817610062893082
GSE211956,GSM6506117_SP8,7,MHC-II-high fraction,0.0943396226415094
GSE211956,GSM6506117_SP8,7,TLS/mregDC co-high fraction,0
GSE211956,GSM6506117_SP8,8,median mregDC score,-0.0302250212804468
GSE211956,GSM6506117_SP8,8,median MHC-II score,0.0525429904594916
GSE211956,GSM6506117_SP8,8,mregDC-high fraction,0.119496855345912
GSE211956,GSM6506117_SP8,8,MHC-II-high fraction,0.138364779874214
GSE211956,GSM6506117_SP8,8,TLS/mregDC co-high fraction,0
GSE211956,GSM6506117_SP8,9,median mregDC score,0.0056634856206394
GSE211956,GSM6506117_SP8,9,median MHC-II score,0.174528477710928
GSE211956,GSM6506117_SP8,9,mregDC-high fraction,0.160377358490566
GSE211956,GSM6506117_SP8,9,MHC-II-high fraction,0.163522012578616
GSE211956,GSM6506117_SP8,9,TLS/mregDC co-high fraction,0
GSE211956,GSM6506117_SP8,10,median mregDC score,0.088328892169139
GSE211956,GSM6506117_SP8,10,median MHC-II score,0.279190436384488
GSE211956,GSM6506117_SP8,10,mregDC-high fraction,0.273584905660377
GSE211956,GSM6506117_SP8,10,MHC-II-high fraction,0.283018867924528
GSE211956,GSM6506117_SP8,10,TLS/mregDC co-high fraction,0.273584905660377
GSE224335,GSM7019835_OCCR2v,1,median mregDC score,-0.127774515796662
GSE224335,GSM7019835_OCCR2v,1,median MHC-II score,-0.12399163628199
GSE224335,GSM7019835_OCCR2v,1,mregDC-high fraction,0.0723684210526316
GSE224335,GSM7019835_OCCR2v,1,MHC-II-high fraction,0.0921052631578947
GSE224335,GSM7019835_OCCR2v,1,TLS/mregDC co-high fraction,0
GSE224335,GSM7019835_OCCR2v,2,median mregDC score,-0.0469221686808176
GSE224335,GSM7019835_OCCR2v,2,median MHC-II score,-0.156035934591829
GSE224335,GSM7019835_OCCR2v,2,mregDC-high fraction,0.0592105263157895
GSE224335,GSM7019835_OCCR2v,2,MHC-II-high fraction,0.0460526315789474
GSE224335,GSM7019835_OCCR2v,2,TLS/mregDC co-high fraction,0
GSE224335,GSM7019835_OCCR2v,3,median mregDC score,-0.0697806413890462
GSE224335,GSM7019835_OCCR2v,3,median MHC-II score,-0.172083693861793
GSE224335,GSM7019835_OCCR2v,3,mregDC-high fraction,0.105263157894737
GSE224335,GSM7019835_OCCR2v,3,MHC-II-high fraction,0.0394736842105263
GSE224335,GSM7019835_OCCR2v,3,TLS/mregDC co-high fraction,0
GSE224335,GSM7019835_OCCR2v,4,median mregDC score,-0.0552441670035557
GSE224335,GSM7019835_OCCR2v,4,median MHC-II score,-0.131149890709047
GSE224335,GSM7019835_OCCR2v,4,mregDC-high fraction,0.0986842105263158
GSE224335,GSM7019835_OCCR2v,4,MHC-II-high fraction,0.0460526315789474
GSE224335,GSM7019835_OCCR2v,4,TLS/mregDC co-high fraction,0
GSE224335,GSM7019835_OCCR2v,5,median mregDC score,-0.0759209423331851
GSE224335,GSM7019835_OCCR2v,5,median MHC-II score,-0.141618859217929
GSE224335,GSM7019835_OCCR2v,5,mregDC-high fraction,0.0860927152317881
GSE224335,GSM7019835_OCCR2v,5,MHC-II-high fraction,0.0662251655629139
GSE224335,GSM7019835_OCCR2v,5,TLS/mregDC co-high fraction,0
GSE224335,GSM7019835_OCCR2v,6,median mregDC score,-0.0513790496714774
GSE224335,GSM7019835_OCCR2v,6,median MHC-II score,-0.0571021160213614
GSE224335,GSM7019835_OCCR2v,6,mregDC-high fraction,0.145695364238411
GSE224335,GSM7019835_OCCR2v,6,MHC-II-high fraction,0.0662251655629139
GSE224335,GSM7019835_OCCR2v,6,TLS/mregDC co-high fraction,0
GSE224335,GSM7019835_OCCR2v,7,median mregDC score,-0.0396901196007128
GSE224335,GSM7019835_OCCR2v,7,median MHC-II score,-0.0396643478159224
GSE224335,GSM7019835_OCCR2v,7,mregDC-high fraction,0.0794701986754967
GSE224335,GSM7019835_OCCR2v,7,MHC-II-high fraction,0.0728476821192053
GSE224335,GSM7019835_OCCR2v,7,TLS/mregDC co-high fraction,0
GSE224335,GSM7019835_OCCR2v,8,median mregDC score,-0.0351704067833202
GSE224335,GSM7019835_OCCR2v,8,median MHC-II score,-0.0263464161376701
GSE224335,GSM7019835_OCCR2v,8,mregDC-high fraction,0.105960264900662
GSE224335,GSM7019835_OCCR2v,8,MHC-II-high fraction,0.112582781456954
GSE224335,GSM7019835_OCCR2v,8,TLS/mregDC co-high fraction,0
GSE224335,GSM7019835_OCCR2v,9,median mregDC score,-0.0457077721460074
GSE224335,GSM7019835_OCCR2v,9,median MHC-II score,0.0358334815762374
GSE224335,GSM7019835_OCCR2v,9,mregDC-high fraction,0.105960264900662
GSE224335,GSM7019835_OCCR2v,9,MHC-II-high fraction,0.178807947019868
GSE224335,GSM7019835_OCCR2v,9,TLS/mregDC co-high fraction,0
GSE224335,GSM7019835_OCCR2v,10,median mregDC score,-0.0215888074523269
GSE224335,GSM7019835_OCCR2v,10,median MHC-II score,0.211212729086169
GSE224335,GSM7019835_OCCR2v,10,mregDC-high fraction,0.145695364238411
GSE224335,GSM7019835_OCCR2v,10,MHC-II-high fraction,0.28476821192053
GSE224335,GSM7019835_OCCR2v,10,TLS/mregDC co-high fraction,0.145695364238411
GSE224335,GSM7019836_OCCS3v,1,median mregDC score,-0.0565535567681524
GSE224335,GSM7019836_OCCS3v,1,median MHC-II score,-0.171214441814229
GSE224335,GSM7019836_OCCS3v,1,mregDC-high fraction,0.133333333333333
GSE224335,GSM7019836_OCCS3v,1,MHC-II-high fraction,0.0444444444444444
GSE224335,GSM7019836_OCCS3v,1,TLS/mregDC co-high fraction,0
GSE224335,GSM7019836_OCCS3v,2,median mregDC score,-0.0703500956783996
GSE224335,GSM7019836_OCCS3v,2,median MHC-II score,-0.0207557294100399
GSE224335,GSM7019836_OCCS3v,2,mregDC-high fraction,0.0777777777777778
GSE224335,GSM7019836_OCCS3v,2,MHC-II-high fraction,0.1
GSE224335,GSM7019836_OCCS3v,2,TLS/mregDC co-high fraction,0
GSE224335,GSM7019836_OCCS3v,3,median mregDC score,-0.0786008745143285
GSE224335,GSM7019836_OCCS3v,3,median MHC-II score,0.0163276785599408
GSE224335,GSM7019836_OCCS3v,3,mregDC-high fraction,0.0555555555555556
GSE224335,GSM7019836_OCCS3v,3,MHC-II-high fraction,0.0333333333333333
GSE224335,GSM7019836_OCCS3v,3,TLS/mregDC co-high fraction,0
GSE224335,GSM7019836_OCCS3v,4,median mregDC score,-0.0993098000450531
GSE224335,GSM7019836_OCCS3v,4,median MHC-II score,0.0594803039394875
GSE224335,GSM7019836_OCCS3v,4,mregDC-high fraction,0.0444444444444444
GSE224335,GSM7019836_OCCS3v,4,MHC-II-high fraction,0.133333333333333
GSE224335,GSM7019836_OCCS3v,4,TLS/mregDC co-high fraction,0
GSE224335,GSM7019836_OCCS3v,5,median mregDC score,-0.100968110167153
GSE224335,GSM7019836_OCCS3v,5,median MHC-II score,0.00526738374848786
GSE224335,GSM7019836_OCCS3v,5,mregDC-high fraction,0.0555555555555556
GSE224335,GSM7019836_OCCS3v,5,MHC-II-high fraction,0.0777777777777778
GSE224335,GSM7019836_OCCS3v,5,TLS/mregDC co-high fraction,0
GSE224335,GSM7019836_OCCS3v,6,median mregDC score,-0.028787762604761
GSE224335,GSM7019836_OCCS3v,6,median MHC-II score,0.0132846011084988
GSE224335,GSM7019836_OCCS3v,6,mregDC-high fraction,0.122222222222222
GSE224335,GSM7019836_OCCS3v,6,MHC-II-high fraction,0.133333333333333
GSE224335,GSM7019836_OCCS3v,6,TLS/mregDC co-high fraction,0
GSE224335,GSM7019836_OCCS3v,7,median mregDC score,-0.0621027814801806
GSE224335,GSM7019836_OCCS3v,7,median MHC-II score,-0.125184972321693
GSE224335,GSM7019836_OCCS3v,7,mregDC-high fraction,0.0888888888888889
GSE224335,GSM7019836_OCCS3v,7,MHC-II-high fraction,0.0555555555555556
GSE224335,GSM7019836_OCCS3v,7,TLS/mregDC co-high fraction,0
GSE224335,GSM7019836_OCCS3v,8,median mregDC score,-0.050294260107967
GSE224335,GSM7019836_OCCS3v,8,median MHC-II score,0.0167725703177718
GSE224335,GSM7019836_OCCS3v,8,mregDC-high fraction,0.1
GSE224335,GSM7019836_OCCS3v,8,MHC-II-high fraction,0.133333333333333
GSE224335,GSM7019836_OCCS3v,8,TLS/mregDC co-high fraction,0
GSE224335,GSM7019836_OCCS3v,9,median mregDC score,-0.0510111402133012
GSE224335,GSM7019836_OCCS3v,9,median MHC-II score,0.0420532664293848
GSE224335,GSM7019836_OCCS3v,9,mregDC-high fraction,0.168539325842697
GSE224335,GSM7019836_OCCS3v,9,MHC-II-high fraction,0.134831460674157
GSE224335,GSM7019836_OCCS3v,9,TLS/mregDC co-high fraction,0.0112359550561798
GSE224335,GSM7019836_OCCS3v,10,median mregDC score,-0.0186270564693754
GSE224335,GSM7019836_OCCS3v,10,median MHC-II score,0.018373492851874
GSE224335,GSM7019836_OCCS3v,10,mregDC-high fraction,0.157303370786517
GSE224335,GSM7019836_OCCS3v,10,MHC-II-high fraction,0.157303370786517
GSE224335,GSM7019836_OCCS3v,10,TLS/mregDC co-high fraction,0.157303370786517
GSE274657,GSM8454234_Patient_2,1,median mregDC score,-0.329021687489004
GSE274657,GSM8454234_Patient_2,1,median MHC-II score,-0.393769777293127
GSE274657,GSM8454234_Patient_2,1,mregDC-high fraction,0
GSE274657,GSM8454234_Patient_2,1,MHC-II-high fraction,0.0194805194805195
GSE274657,GSM8454234_Patient_2,1,TLS/mregDC co-high fraction,0
GSE274657,GSM8454234_Patient_2,2,median mregDC score,-0.289877352329718
GSE274657,GSM8454234_Patient_2,2,median MHC-II score,-0.305218420774744
GSE274657,GSM8454234_Patient_2,2,mregDC-high fraction,0.00649350649350649
GSE274657,GSM8454234_Patient_2,2,MHC-II-high fraction,0
GSE274657,GSM8454234_Patient_2,2,TLS/mregDC co-high fraction,0
GSE274657,GSM8454234_Patient_2,3,median mregDC score,-0.25301640420814
GSE274657,GSM8454234_Patient_2,3,median MHC-II score,-0.178798148123564
GSE274657,GSM8454234_Patient_2,3,mregDC-high fraction,0.0194805194805195
GSE274657,GSM8454234_Patient_2,3,MHC-II-high fraction,0.012987012987013
GSE274657,GSM8454234_Patient_2,3,TLS/mregDC co-high fraction,0
GSE274657,GSM8454234_Patient_2,4,median mregDC score,-0.230118596900147
GSE274657,GSM8454234_Patient_2,4,median MHC-II score,-0.0941958935711359
GSE274657,GSM8454234_Patient_2,4,mregDC-high fraction,0.025974025974026
GSE274657,GSM8454234_Patient_2,4,MHC-II-high fraction,0.012987012987013
GSE274657,GSM8454234_Patient_2,4,TLS/mregDC co-high fraction,0
GSE274657,GSM8454234_Patient_2,5,median mregDC score,-0.21502919476114
GSE274657,GSM8454234_Patient_2,5,median MHC-II score,-0.0831765602259485
GSE274657,GSM8454234_Patient_2,5,mregDC-high fraction,0.0392156862745098
GSE274657,GSM8454234_Patient_2,5,MHC-II-high fraction,0.0261437908496732
GSE274657,GSM8454234_Patient_2,5,TLS/mregDC co-high fraction,0
GSE274657,GSM8454234_Patient_2,6,median mregDC score,-0.00576220416604477
GSE274657,GSM8454234_Patient_2,6,median MHC-II score,0.0615291123253284
GSE274657,GSM8454234_Patient_2,6,mregDC-high fraction,0.0457516339869281
GSE274657,GSM8454234_Patient_2,6,MHC-II-high fraction,0.0784313725490196
GSE274657,GSM8454234_Patient_2,6,TLS/mregDC co-high fraction,0
GSE274657,GSM8454234_Patient_2,7,median mregDC score,-0.0166786376001808
GSE274657,GSM8454234_Patient_2,7,median MHC-II score,0.128385022187483
GSE274657,GSM8454234_Patient_2,7,mregDC-high fraction,0.104575163398693
GSE274657,GSM8454234_Patient_2,7,MHC-II-high fraction,0.104575163398693
GSE274657,GSM8454234_Patient_2,7,TLS/mregDC co-high fraction,0
GSE274657,GSM8454234_Patient_2,8,median mregDC score,0.178883294640331
GSE274657,GSM8454234_Patient_2,8,median MHC-II score,0.177165166406557
GSE274657,GSM8454234_Patient_2,8,mregDC-high fraction,0.143790849673203
GSE274657,GSM8454234_Patient_2,8,MHC-II-high fraction,0.124183006535948
GSE274657,GSM8454234_Patient_2,8,TLS/mregDC co-high fraction,0
GSE274657,GSM8454234_Patient_2,9,median mregDC score,0.226145877574827
GSE274657,GSM8454234_Patient_2,9,median MHC-II score,0.288178756733139
GSE274657,GSM8454234_Patient_2,9,mregDC-high fraction,0.235294117647059
GSE274657,GSM8454234_Patient_2,9,MHC-II-high fraction,0.235294117647059
GSE274657,GSM8454234_Patient_2,9,TLS/mregDC co-high fraction,0.0065359477124183
GSE274657,GSM8454234_Patient_2,10,median mregDC score,0.445035950587926
GSE274657,GSM8454234_Patient_2,10,median MHC-II score,0.523884332082043
GSE274657,GSM8454234_Patient_2,10,mregDC-high fraction,0.38562091503268
GSE274657,GSM8454234_Patient_2,10,MHC-II-high fraction,0.392156862745098
GSE274657,GSM8454234_Patient_2,10,TLS/mregDC co-high fraction,0.38562091503268
GSE274657,GSM8454235_Patient_8,1,median mregDC score,-0.0349245151013779
GSE274657,GSM8454235_Patient_8,1,median MHC-II score,-0.822374519427709
GSE274657,GSM8454235_Patient_8,1,mregDC-high fraction,0.00970873786407767
GSE274657,GSM8454235_Patient_8,1,MHC-II-high fraction,0.0121359223300971
GSE274657,GSM8454235_Patient_8,1,TLS/mregDC co-high fraction,0
GSE274657,GSM8454235_Patient_8,2,median mregDC score,-0.0140298758628618
GSE274657,GSM8454235_Patient_8,2,median MHC-II score,-0.698327976999717
GSE274657,GSM8454235_Patient_8,2,mregDC-high fraction,0.00970873786407767
GSE274657,GSM8454235_Patient_8,2,MHC-II-high fraction,0.00970873786407767
GSE274657,GSM8454235_Patient_8,2,TLS/mregDC co-high fraction,0
GSE274657,GSM8454235_Patient_8,3,median mregDC score,-0.0355481883841311
GSE274657,GSM8454235_Patient_8,3,median MHC-II score,-0.342311785860274
GSE274657,GSM8454235_Patient_8,3,mregDC-high fraction,0.0169902912621359
GSE274657,GSM8454235_Patient_8,3,MHC-II-high fraction,0.0145631067961165
GSE274657,GSM8454235_Patient_8,3,TLS/mregDC co-high fraction,0
GSE274657,GSM8454235_Patient_8,4,median mregDC score,-0.058757858517702
GSE274657,GSM8454235_Patient_8,4,median MHC-II score,-0.20447391431745
GSE274657,GSM8454235_Patient_8,4,mregDC-high fraction,0.0412621359223301
GSE274657,GSM8454235_Patient_8,4,MHC-II-high fraction,0.0412621359223301
GSE274657,GSM8454235_Patient_8,4,TLS/mregDC co-high fraction,0
GSE274657,GSM8454235_Patient_8,5,median mregDC score,-0.0687235291409335
GSE274657,GSM8454235_Patient_8,5,median MHC-II score,-0.0414975423804202
GSE274657,GSM8454235_Patient_8,5,mregDC-high fraction,0.0412621359223301
GSE274657,GSM8454235_Patient_8,5,MHC-II-high fraction,0.0436893203883495
GSE274657,GSM8454235_Patient_8,5,TLS/mregDC co-high fraction,0
GSE274657,GSM8454235_Patient_8,6,median mregDC score,-0.0398882703555737
GSE274657,GSM8454235_Patient_8,6,median MHC-II score,0.11725335564749
GSE274657,GSM8454235_Patient_8,6,mregDC-high fraction,0.058252427184466
GSE274657,GSM8454235_Patient_8,6,MHC-II-high fraction,0.0679611650485437
GSE274657,GSM8454235_Patient_8,6,TLS/mregDC co-high fraction,0
GSE274657,GSM8454235_Patient_8,7,median mregDC score,-0.0511744294622613
GSE274657,GSM8454235_Patient_8,7,median MHC-II score,0.244115744981253
GSE274657,GSM8454235_Patient_8,7,mregDC-high fraction,0.0924574209245742
GSE274657,GSM8454235_Patient_8,7,MHC-II-high fraction,0.126520681265207
GSE274657,GSM8454235_Patient_8,7,TLS/mregDC co-high fraction,0
GSE274657,GSM8454235_Patient_8,8,median mregDC score,-0.0393369918228471
GSE274657,GSM8454235_Patient_8,8,median MHC-II score,0.292567161144719
GSE274657,GSM8454235_Patient_8,8,mregDC-high fraction,0.121654501216545
GSE274657,GSM8454235_Patient_8,8,MHC-II-high fraction,0.128953771289538
GSE274657,GSM8454235_Patient_8,8,TLS/mregDC co-high fraction,0
GSE274657,GSM8454235_Patient_8,9,median mregDC score,0.0160032748756206
GSE274657,GSM8454235_Patient_8,9,median MHC-II score,0.436698198647021
GSE274657,GSM8454235_Patient_8,9,mregDC-high fraction,0.197080291970803
GSE274657,GSM8454235_Patient_8,9,MHC-II-high fraction,0.211678832116788
GSE274657,GSM8454235_Patient_8,9,TLS/mregDC co-high fraction,0
GSE274657,GSM8454235_Patient_8,10,median mregDC score,0.232738966134214
GSE274657,GSM8454235_Patient_8,10,median MHC-II score,0.650889304420712
GSE274657,GSM8454235_Patient_8,10,mregDC-high fraction,0.413625304136253
GSE274657,GSM8454235_Patient_8,10,MHC-II-high fraction,0.345498783454988
GSE274657,GSM8454235_Patient_8,10,TLS/mregDC co-high fraction,0.413625304136253
GSE274657,GSM8454236_Patient_16,1,median mregDC score,-0.0819063212454282
GSE274657,GSM8454236_Patient_16,1,median MHC-II score,-0.230285435712626
GSE274657,GSM8454236_Patient_16,1,mregDC-high fraction,0.0869565217391304
GSE274657,GSM8454236_Patient_16,1,MHC-II-high fraction,0.0586956521739131
GSE274657,GSM8454236_Patient_16,1,TLS/mregDC co-high fraction,0
GSE274657,GSM8454236_Patient_16,2,median mregDC score,-0.0763177420901917
GSE274657,GSM8454236_Patient_16,2,median MHC-II score,-0.168140772518497
GSE274657,GSM8454236_Patient_16,2,mregDC-high fraction,0.0891304347826087
GSE274657,GSM8454236_Patient_16,2,MHC-II-high fraction,0.0956521739130435
GSE274657,GSM8454236_Patient_16,2,TLS/mregDC co-high fraction,0
GSE274657,GSM8454236_Patient_16,3,median mregDC score,-0.0604319452654633
GSE274657,GSM8454236_Patient_16,3,median MHC-II score,-0.0985707174052728
GSE274657,GSM8454236_Patient_16,3,mregDC-high fraction,0.0849673202614379
GSE274657,GSM8454236_Patient_16,3,MHC-II-high fraction,0.0849673202614379
GSE274657,GSM8454236_Patient_16,3,TLS/mregDC co-high fraction,0
GSE274657,GSM8454236_Patient_16,4,median mregDC score,-0.0559703122684514
GSE274657,GSM8454236_Patient_16,4,median MHC-II score,-0.093173407027892
GSE274657,GSM8454236_Patient_16,4,mregDC-high fraction,0.113289760348584
GSE274657,GSM8454236_Patient_16,4,MHC-II-high fraction,0.0827886710239651
GSE274657,GSM8454236_Patient_16,4,TLS/mregDC co-high fraction,0
GSE274657,GSM8454236_Patient_16,5,median mregDC score,-0.0641929301285719
GSE274657,GSM8454236_Patient_16,5,median MHC-II score,-0.0870858977857216
GSE274657,GSM8454236_Patient_16,5,mregDC-high fraction,0.10239651416122
GSE274657,GSM8454236_Patient_16,5,MHC-II-high fraction,0.111111111111111
GSE274657,GSM8454236_Patient_16,5,TLS/mregDC co-high fraction,0
GSE274657,GSM8454236_Patient_16,6,median mregDC score,-0.0728566576531948
GSE274657,GSM8454236_Patient_16,6,median MHC-II score,-0.0600461136999929
GSE274657,GSM8454236_Patient_16,6,mregDC-high fraction,0.113289760348584
GSE274657,GSM8454236_Patient_16,6,MHC-II-high fraction,0.0762527233115468
GSE274657,GSM8454236_Patient_16,6,TLS/mregDC co-high fraction,0
GSE274657,GSM8454236_Patient_16,7,median mregDC score,-0.0860816405504634
GSE274657,GSM8454236_Patient_16,7,median MHC-II score,-0.0854244218292532
GSE274657,GSM8454236_Patient_16,7,mregDC-high fraction,0.0784313725490196
GSE274657,GSM8454236_Patient_16,7,MHC-II-high fraction,0.065359477124183
GSE274657,GSM8454236_Patient_16,7,TLS/mregDC co-high fraction,0
GSE274657,GSM8454236_Patient_16,8,median mregDC score,-0.0813137028904484
GSE274657,GSM8454236_Patient_16,8,median MHC-II score,-0.0927904537022012
GSE274657,GSM8454236_Patient_16,8,mregDC-high fraction,0.0980392156862745
GSE274657,GSM8454236_Patient_16,8,MHC-II-high fraction,0.0980392156862745
GSE274657,GSM8454236_Patient_16,8,TLS/mregDC co-high fraction,0
GSE274657,GSM8454236_Patient_16,9,median mregDC score,-0.0759222041073599
GSE274657,GSM8454236_Patient_16,9,median MHC-II score,0.102419814904197
GSE274657,GSM8454236_Patient_16,9,mregDC-high fraction,0.106753812636166
GSE274657,GSM8454236_Patient_16,9,MHC-II-high fraction,0.156862745098039
GSE274657,GSM8454236_Patient_16,9,TLS/mregDC co-high fraction,0
GSE274657,GSM8454236_Patient_16,10,median mregDC score,-0.074465930071893
GSE274657,GSM8454236_Patient_16,10,median MHC-II score,0.119294709788394
GSE274657,GSM8454236_Patient_16,10,mregDC-high fraction,0.128540305010893
GSE274657,GSM8454236_Patient_16,10,MHC-II-high fraction,0.172113289760349
GSE274657,GSM8454236_Patient_16,10,TLS/mregDC co-high fraction,0.128540305010893
GSE274657,GSM8454237_Patient_17,1,median mregDC score,-0.0729006050130395
GSE274657,GSM8454237_Patient_17,1,median MHC-II score,-0.12372903391511
GSE274657,GSM8454237_Patient_17,1,mregDC-high fraction,0.088
GSE274657,GSM8454237_Patient_17,1,MHC-II-high fraction,0.06
GSE274657,GSM8454237_Patient_17,1,TLS/mregDC co-high fraction,0
GSE274657,GSM8454237_Patient_17,2,median mregDC score,-0.104959612079253
GSE274657,GSM8454237_Patient_17,2,median MHC-II score,-0.0476800075448251
GSE274657,GSM8454237_Patient_17,2,mregDC-high fraction,0.056
GSE274657,GSM8454237_Patient_17,2,MHC-II-high fraction,0.048
GSE274657,GSM8454237_Patient_17,2,TLS/mregDC co-high fraction,0
GSE274657,GSM8454237_Patient_17,3,median mregDC score,-0.0746433980520535
GSE274657,GSM8454237_Patient_17,3,median MHC-II score,-0.0269642776003712
GSE274657,GSM8454237_Patient_17,3,mregDC-high fraction,0.0861723446893788
GSE274657,GSM8454237_Patient_17,3,MHC-II-high fraction,0.0581162324649299
GSE274657,GSM8454237_Patient_17,3,TLS/mregDC co-high fraction,0
GSE274657,GSM8454237_Patient_17,4,median mregDC score,-0.0580811157168958
GSE274657,GSM8454237_Patient_17,4,median MHC-II score,-0.0331377623998793
GSE274657,GSM8454237_Patient_17,4,mregDC-high fraction,0.0841683366733467
GSE274657,GSM8454237_Patient_17,4,MHC-II-high fraction,0.0681362725450902
GSE274657,GSM8454237_Patient_17,4,TLS/mregDC co-high fraction,0
GSE274657,GSM8454237_Patient_17,5,median mregDC score,-0.0733210005565215
GSE274657,GSM8454237_Patient_17,5,median MHC-II score,-0.0284591109570862
GSE274657,GSM8454237_Patient_17,5,mregDC-high fraction,0.0681362725450902
GSE274657,GSM8454237_Patient_17,5,MHC-II-high fraction,0.0641282565130261
GSE274657,GSM8454237_Patient_17,5,TLS/mregDC co-high fraction,0
GSE274657,GSM8454237_Patient_17,6,median mregDC score,-0.0551737075955177
GSE274657,GSM8454237_Patient_17,6,median MHC-II score,0.01559814636496
GSE274657,GSM8454237_Patient_17,6,mregDC-high fraction,0.0881763527054108
GSE274657,GSM8454237_Patient_17,6,MHC-II-high fraction,0.0961923847695391
GSE274657,GSM8454237_Patient_17,6,TLS/mregDC co-high fraction,0
GSE274657,GSM8454237_Patient_17,7,median mregDC score,-0.0586680556728623
GSE274657,GSM8454237_Patient_17,7,median MHC-II score,0.0969107654704828
GSE274657,GSM8454237_Patient_17,7,mregDC-high fraction,0.0961923847695391
GSE274657,GSM8454237_Patient_17,7,MHC-II-high fraction,0.0961923847695391
GSE274657,GSM8454237_Patient_17,7,TLS/mregDC co-high fraction,0
GSE274657,GSM8454237_Patient_17,8,median mregDC score,-0.0416711871860598
GSE274657,GSM8454237_Patient_17,8,median MHC-II score,0.0625448186608911
GSE274657,GSM8454237_Patient_17,8,mregDC-high fraction,0.104208416833667
GSE274657,GSM8454237_Patient_17,8,MHC-II-high fraction,0.128256513026052
GSE274657,GSM8454237_Patient_17,8,TLS/mregDC co-high fraction,0
GSE274657,GSM8454237_Patient_17,9,median mregDC score,-0.00567672066189783
GSE274657,GSM8454237_Patient_17,9,median MHC-II score,0.180600103411497
GSE274657,GSM8454237_Patient_17,9,mregDC-high fraction,0.130260521042084
GSE274657,GSM8454237_Patient_17,9,MHC-II-high fraction,0.146292585170341
GSE274657,GSM8454237_Patient_17,9,TLS/mregDC co-high fraction,0
GSE274657,GSM8454237_Patient_17,10,median mregDC score,0.0262198474156527
GSE274657,GSM8454237_Patient_17,10,median MHC-II score,0.293742411963571
GSE274657,GSM8454237_Patient_17,10,mregDC-high fraction,0.200400801603206
GSE274657,GSM8454237_Patient_17,10,MHC-II-high fraction,0.236472945891784
GSE274657,GSM8454237_Patient_17,10,TLS/mregDC co-high fraction,0.200400801603206
GSE288483,GSM8768679_Pt1-1,1,median mregDC score,-0.248931394032224
GSE288483,GSM8768679_Pt1-1,1,median MHC-II score,-0.287472526337333
GSE288483,GSM8768679_Pt1-1,1,mregDC-high fraction,0.0324675324675325
GSE288483,GSM8768679_Pt1-1,1,MHC-II-high fraction,0.0194805194805195
GSE288483,GSM8768679_Pt1-1,1,TLS/mregDC co-high fraction,0
GSE288483,GSM8768679_Pt1-1,2,median mregDC score,-0.155806153003122
GSE288483,GSM8768679_Pt1-1,2,median MHC-II score,-0.188011367234788
GSE288483,GSM8768679_Pt1-1,2,mregDC-high fraction,0.038961038961039
GSE288483,GSM8768679_Pt1-1,2,MHC-II-high fraction,0.0584415584415584
GSE288483,GSM8768679_Pt1-1,2,TLS/mregDC co-high fraction,0
GSE288483,GSM8768679_Pt1-1,3,median mregDC score,-0.147298790197728
GSE288483,GSM8768679_Pt1-1,3,median MHC-II score,-0.172221777984162
GSE288483,GSM8768679_Pt1-1,3,mregDC-high fraction,0.025974025974026
GSE288483,GSM8768679_Pt1-1,3,MHC-II-high fraction,0.0714285714285714
GSE288483,GSM8768679_Pt1-1,3,TLS/mregDC co-high fraction,0
GSE288483,GSM8768679_Pt1-1,4,median mregDC score,-0.112209423049545
GSE288483,GSM8768679_Pt1-1,4,median MHC-II score,-0.109306441412945
GSE288483,GSM8768679_Pt1-1,4,mregDC-high fraction,0.038961038961039
GSE288483,GSM8768679_Pt1-1,4,MHC-II-high fraction,0.012987012987013
GSE288483,GSM8768679_Pt1-1,4,TLS/mregDC co-high fraction,0
GSE288483,GSM8768679_Pt1-1,5,median mregDC score,0.0116650453898252
GSE288483,GSM8768679_Pt1-1,5,median MHC-II score,-0.0779947829180844
GSE288483,GSM8768679_Pt1-1,5,mregDC-high fraction,0.0522875816993464
GSE288483,GSM8768679_Pt1-1,5,MHC-II-high fraction,0.0849673202614379
GSE288483,GSM8768679_Pt1-1,5,TLS/mregDC co-high fraction,0
GSE288483,GSM8768679_Pt1-1,6,median mregDC score,0.0101622432960155
GSE288483,GSM8768679_Pt1-1,6,median MHC-II score,0.00597126480984497
GSE288483,GSM8768679_Pt1-1,6,mregDC-high fraction,0.065359477124183
GSE288483,GSM8768679_Pt1-1,6,MHC-II-high fraction,0.0784313725490196
GSE288483,GSM8768679_Pt1-1,6,TLS/mregDC co-high fraction,0
GSE288483,GSM8768679_Pt1-1,7,median mregDC score,0.00442410792501474
GSE288483,GSM8768679_Pt1-1,7,median MHC-II score,0.0498379912545968
GSE288483,GSM8768679_Pt1-1,7,mregDC-high fraction,0.0392156862745098
GSE288483,GSM8768679_Pt1-1,7,MHC-II-high fraction,0.0784313725490196
GSE288483,GSM8768679_Pt1-1,7,TLS/mregDC co-high fraction,0
GSE288483,GSM8768679_Pt1-1,8,median mregDC score,0.00421454761172441
GSE288483,GSM8768679_Pt1-1,8,median MHC-II score,0.112547556368781
GSE288483,GSM8768679_Pt1-1,8,mregDC-high fraction,0.124183006535948
GSE288483,GSM8768679_Pt1-1,8,MHC-II-high fraction,0.0849673202614379
GSE288483,GSM8768679_Pt1-1,8,TLS/mregDC co-high fraction,0
GSE288483,GSM8768679_Pt1-1,9,median mregDC score,0.0878565300768078
GSE288483,GSM8768679_Pt1-1,9,median MHC-II score,0.170564852582621
GSE288483,GSM8768679_Pt1-1,9,mregDC-high fraction,0.189542483660131
GSE288483,GSM8768679_Pt1-1,9,MHC-II-high fraction,0.156862745098039
GSE288483,GSM8768679_Pt1-1,9,TLS/mregDC co-high fraction,0.0065359477124183
GSE288483,GSM8768679_Pt1-1,10,median mregDC score,0.308956498218465
GSE288483,GSM8768679_Pt1-1,10,median MHC-II score,0.364556879460325
GSE288483,GSM8768679_Pt1-1,10,mregDC-high fraction,0.398692810457516
GSE288483,GSM8768679_Pt1-1,10,MHC-II-high fraction,0.359477124183007
GSE288483,GSM8768679_Pt1-1,10,TLS/mregDC co-high fraction,0.398692810457516
GSE288483,GSM8768680_Pt1-2,1,median mregDC score,-0.286718653580143
GSE288483,GSM8768680_Pt1-2,1,median MHC-II score,-0.295988620817436
GSE288483,GSM8768680_Pt1-2,1,mregDC-high fraction,0.0087719298245614
GSE288483,GSM8768680_Pt1-2,1,MHC-II-high fraction,0.0087719298245614
GSE288483,GSM8768680_Pt1-2,1,TLS/mregDC co-high fraction,0
GSE288483,GSM8768680_Pt1-2,2,median mregDC score,-0.195137733516608
GSE288483,GSM8768680_Pt1-2,2,median MHC-II score,-0.242421131816077
GSE288483,GSM8768680_Pt1-2,2,mregDC-high fraction,0.00884955752212389
GSE288483,GSM8768680_Pt1-2,2,MHC-II-high fraction,0.00884955752212389
GSE288483,GSM8768680_Pt1-2,2,TLS/mregDC co-high fraction,0
GSE288483,GSM8768680_Pt1-2,3,median mregDC score,-0.0882283600972251
GSE288483,GSM8768680_Pt1-2,3,median MHC-II score,-0.151074505825651
GSE288483,GSM8768680_Pt1-2,3,mregDC-high fraction,0.0176991150442478
GSE288483,GSM8768680_Pt1-2,3,MHC-II-high fraction,0.0442477876106195
GSE288483,GSM8768680_Pt1-2,3,TLS/mregDC co-high fraction,0
GSE288483,GSM8768680_Pt1-2,4,median mregDC score,-0.093664850753583
GSE288483,GSM8768680_Pt1-2,4,median MHC-II score,0.00619221417036469
GSE288483,GSM8768680_Pt1-2,4,mregDC-high fraction,0.0353982300884956
GSE288483,GSM8768680_Pt1-2,4,MHC-II-high fraction,0.079646017699115
GSE288483,GSM8768680_Pt1-2,4,TLS/mregDC co-high fraction,0
GSE288483,GSM8768680_Pt1-2,5,median mregDC score,-0.0261493113796737
GSE288483,GSM8768680_Pt1-2,5,median MHC-II score,0.0660730569792727
GSE288483,GSM8768680_Pt1-2,5,mregDC-high fraction,0.079646017699115
GSE288483,GSM8768680_Pt1-2,5,MHC-II-high fraction,0.106194690265487
GSE288483,GSM8768680_Pt1-2,5,TLS/mregDC co-high fraction,0
GSE288483,GSM8768680_Pt1-2,6,median mregDC score,-0.0449122160077546
GSE288483,GSM8768680_Pt1-2,6,median MHC-II score,0.0391331760660415
GSE288483,GSM8768680_Pt1-2,6,mregDC-high fraction,0.0619469026548673
GSE288483,GSM8768680_Pt1-2,6,MHC-II-high fraction,0.0619469026548673
GSE288483,GSM8768680_Pt1-2,6,TLS/mregDC co-high fraction,0
GSE288483,GSM8768680_Pt1-2,7,median mregDC score,-0.000127778723862511
GSE288483,GSM8768680_Pt1-2,7,median MHC-II score,-0.0122867385900205
GSE288483,GSM8768680_Pt1-2,7,mregDC-high fraction,0.079646017699115
GSE288483,GSM8768680_Pt1-2,7,MHC-II-high fraction,0.0884955752212389
GSE288483,GSM8768680_Pt1-2,7,TLS/mregDC co-high fraction,0
GSE288483,GSM8768680_Pt1-2,8,median mregDC score,-0.0223349056070121
GSE288483,GSM8768680_Pt1-2,8,median MHC-II score,0.155346611808992
GSE288483,GSM8768680_Pt1-2,8,mregDC-high fraction,0.115044247787611
GSE288483,GSM8768680_Pt1-2,8,MHC-II-high fraction,0.141592920353982
GSE288483,GSM8768680_Pt1-2,8,TLS/mregDC co-high fraction,0
GSE288483,GSM8768680_Pt1-2,9,median mregDC score,0.169138445017175
GSE288483,GSM8768680_Pt1-2,9,median MHC-II score,0.255665153392648
GSE288483,GSM8768680_Pt1-2,9,mregDC-high fraction,0.247787610619469
GSE288483,GSM8768680_Pt1-2,9,MHC-II-high fraction,0.168141592920354
GSE288483,GSM8768680_Pt1-2,9,TLS/mregDC co-high fraction,0.00884955752212389
GSE288483,GSM8768680_Pt1-2,10,median mregDC score,0.340586456390458
GSE288483,GSM8768680_Pt1-2,10,median MHC-II score,0.386114394221515
GSE288483,GSM8768680_Pt1-2,10,mregDC-high fraction,0.353982300884956
GSE288483,GSM8768680_Pt1-2,10,MHC-II-high fraction,0.300884955752212
GSE288483,GSM8768680_Pt1-2,10,TLS/mregDC co-high fraction,0.353982300884956
GSE288483,GSM8768681_Pt1-3,1,median mregDC score,-0.136765825540743
GSE288483,GSM8768681_Pt1-3,1,median MHC-II score,-0.225153814964014
GSE288483,GSM8768681_Pt1-3,1,mregDC-high fraction,0.0248756218905473
GSE288483,GSM8768681_Pt1-3,1,MHC-II-high fraction,0.0248756218905473
GSE288483,GSM8768681_Pt1-3,1,TLS/mregDC co-high fraction,0
GSE288483,GSM8768681_Pt1-3,2,median mregDC score,-0.1000289962127
GSE288483,GSM8768681_Pt1-3,2,median MHC-II score,-0.170917613643837
GSE288483,GSM8768681_Pt1-3,2,mregDC-high fraction,0.0248756218905473
GSE288483,GSM8768681_Pt1-3,2,MHC-II-high fraction,0.0298507462686567
GSE288483,GSM8768681_Pt1-3,2,TLS/mregDC co-high fraction,0
GSE288483,GSM8768681_Pt1-3,3,median mregDC score,-0.0886950303814801
GSE288483,GSM8768681_Pt1-3,3,median MHC-II score,-0.0749123626685155
GSE288483,GSM8768681_Pt1-3,3,mregDC-high fraction,0.07
GSE288483,GSM8768681_Pt1-3,3,MHC-II-high fraction,0.045
GSE288483,GSM8768681_Pt1-3,3,TLS/mregDC co-high fraction,0
GSE288483,GSM8768681_Pt1-3,4,median mregDC score,-0.109008795047049
GSE288483,GSM8768681_Pt1-3,4,median MHC-II score,-0.0740479205769629
GSE288483,GSM8768681_Pt1-3,4,mregDC-high fraction,0.05
GSE288483,GSM8768681_Pt1-3,4,MHC-II-high fraction,0.02
GSE288483,GSM8768681_Pt1-3,4,TLS/mregDC co-high fraction,0
GSE288483,GSM8768681_Pt1-3,5,median mregDC score,-0.089630993512437
GSE288483,GSM8768681_Pt1-3,5,median MHC-II score,-0.0439940576336313
GSE288483,GSM8768681_Pt1-3,5,mregDC-high fraction,0.05
GSE288483,GSM8768681_Pt1-3,5,MHC-II-high fraction,0.07
GSE288483,GSM8768681_Pt1-3,5,TLS/mregDC co-high fraction,0
GSE288483,GSM8768681_Pt1-3,6,median mregDC score,-0.0373973340444646
GSE288483,GSM8768681_Pt1-3,6,median MHC-II score,-0.00950577119862676
GSE288483,GSM8768681_Pt1-3,6,mregDC-high fraction,0.065
GSE288483,GSM8768681_Pt1-3,6,MHC-II-high fraction,0.06
GSE288483,GSM8768681_Pt1-3,6,TLS/mregDC co-high fraction,0
GSE288483,GSM8768681_Pt1-3,7,median mregDC score,0.0189480626072886
GSE288483,GSM8768681_Pt1-3,7,median MHC-II score,0.044190244009002
GSE288483,GSM8768681_Pt1-3,7,mregDC-high fraction,0.1
GSE288483,GSM8768681_Pt1-3,7,MHC-II-high fraction,0.08
GSE288483,GSM8768681_Pt1-3,7,TLS/mregDC co-high fraction,0
GSE288483,GSM8768681_Pt1-3,8,median mregDC score,0.0280443760059498
GSE288483,GSM8768681_Pt1-3,8,median MHC-II score,0.0926411625938187
GSE288483,GSM8768681_Pt1-3,8,mregDC-high fraction,0.12
GSE288483,GSM8768681_Pt1-3,8,MHC-II-high fraction,0.145
GSE288483,GSM8768681_Pt1-3,8,TLS/mregDC co-high fraction,0
GSE288483,GSM8768681_Pt1-3,9,median mregDC score,0.080930074531991
GSE288483,GSM8768681_Pt1-3,9,median MHC-II score,0.226900378460652
GSE288483,GSM8768681_Pt1-3,9,mregDC-high fraction,0.185
GSE288483,GSM8768681_Pt1-3,9,MHC-II-high fraction,0.165
GSE288483,GSM8768681_Pt1-3,9,TLS/mregDC co-high fraction,0
GSE288483,GSM8768681_Pt1-3,10,median mregDC score,0.181365889831142
GSE288483,GSM8768681_Pt1-3,10,median MHC-II score,0.316292941299208
GSE288483,GSM8768681_Pt1-3,10,mregDC-high fraction,0.315
GSE288483,GSM8768681_Pt1-3,10,MHC-II-high fraction,0.365
GSE288483,GSM8768681_Pt1-3,10,TLS/mregDC co-high fraction,0.315
GSE288483,GSM8768682_Pt1-4,1,median mregDC score,-0.144024786224179
GSE288483,GSM8768682_Pt1-4,1,median MHC-II score,-0.212516782103736
GSE288483,GSM8768682_Pt1-4,1,mregDC-high fraction,0.05
GSE288483,GSM8768682_Pt1-4,1,MHC-II-high fraction,0.0142857142857143
GSE288483,GSM8768682_Pt1-4,1,TLS/mregDC co-high fraction,0
GSE288483,GSM8768682_Pt1-4,2,median mregDC score,-0.0942293377622972
GSE288483,GSM8768682_Pt1-4,2,median MHC-II score,-0.163745840225836
GSE288483,GSM8768682_Pt1-4,2,mregDC-high fraction,0.0642857142857143
GSE288483,GSM8768682_Pt1-4,2,MHC-II-high fraction,0.0214285714285714
GSE288483,GSM8768682_Pt1-4,2,TLS/mregDC co-high fraction,0
GSE288483,GSM8768682_Pt1-4,3,median mregDC score,-0.0928702510171742
GSE288483,GSM8768682_Pt1-4,3,median MHC-II score,-0.142658157683711
GSE288483,GSM8768682_Pt1-4,3,mregDC-high fraction,0.0428571428571429
GSE288483,GSM8768682_Pt1-4,3,MHC-II-high fraction,0.0285714285714286
GSE288483,GSM8768682_Pt1-4,3,TLS/mregDC co-high fraction,0
GSE288483,GSM8768682_Pt1-4,4,median mregDC score,-0.0777935802448849
GSE288483,GSM8768682_Pt1-4,4,median MHC-II score,-0.0994680986499105
GSE288483,GSM8768682_Pt1-4,4,mregDC-high fraction,0.0647482014388489
GSE288483,GSM8768682_Pt1-4,4,MHC-II-high fraction,0.0719424460431655
GSE288483,GSM8768682_Pt1-4,4,TLS/mregDC co-high fraction,0
GSE288483,GSM8768682_Pt1-4,5,median mregDC score,-0.0495924215485426
GSE288483,GSM8768682_Pt1-4,5,median MHC-II score,-0.0505160510452579
GSE288483,GSM8768682_Pt1-4,5,mregDC-high fraction,0.0503597122302158
GSE288483,GSM8768682_Pt1-4,5,MHC-II-high fraction,0.0503597122302158
GSE288483,GSM8768682_Pt1-4,5,TLS/mregDC co-high fraction,0
GSE288483,GSM8768682_Pt1-4,6,median mregDC score,-0.0690311306463594
GSE288483,GSM8768682_Pt1-4,6,median MHC-II score,-0.0487399950544016
GSE288483,GSM8768682_Pt1-4,6,mregDC-high fraction,0.0431654676258993
GSE288483,GSM8768682_Pt1-4,6,MHC-II-high fraction,0.0287769784172662
GSE288483,GSM8768682_Pt1-4,6,TLS/mregDC co-high fraction,0
GSE288483,GSM8768682_Pt1-4,7,median mregDC score,0.0233528251609961
GSE288483,GSM8768682_Pt1-4,7,median MHC-II score,0.056575635988288
GSE288483,GSM8768682_Pt1-4,7,mregDC-high fraction,0.0863309352517986
GSE288483,GSM8768682_Pt1-4,7,MHC-II-high fraction,0.107913669064748
GSE288483,GSM8768682_Pt1-4,7,TLS/mregDC co-high fraction,0
GSE288483,GSM8768682_Pt1-4,8,median mregDC score,0.0406448524231679
GSE288483,GSM8768682_Pt1-4,8,median MHC-II score,0.0995452998503079
GSE288483,GSM8768682_Pt1-4,8,mregDC-high fraction,0.122302158273381
GSE288483,GSM8768682_Pt1-4,8,MHC-II-high fraction,0.122302158273381
GSE288483,GSM8768682_Pt1-4,8,TLS/mregDC co-high fraction,0
GSE288483,GSM8768682_Pt1-4,9,median mregDC score,0.0842822920977271
GSE288483,GSM8768682_Pt1-4,9,median MHC-II score,0.183236299121372
GSE288483,GSM8768682_Pt1-4,9,mregDC-high fraction,0.100719424460432
GSE288483,GSM8768682_Pt1-4,9,MHC-II-high fraction,0.179856115107914
GSE288483,GSM8768682_Pt1-4,9,TLS/mregDC co-high fraction,0
GSE288483,GSM8768682_Pt1-4,10,median mregDC score,0.210003863486389
GSE288483,GSM8768682_Pt1-4,10,median MHC-II score,0.44962024919146
GSE288483,GSM8768682_Pt1-4,10,mregDC-high fraction,0.381294964028777
GSE288483,GSM8768682_Pt1-4,10,MHC-II-high fraction,0.381294964028777
GSE288483,GSM8768682_Pt1-4,10,TLS/mregDC co-high fraction,0.381294964028777
GSE288483,GSM8768683_Pt2-1,1,median mregDC score,-0.139769871099634
GSE288483,GSM8768683_Pt2-1,1,median MHC-II score,-0.178123440214263
GSE288483,GSM8768683_Pt2-1,1,mregDC-high fraction,0.0108695652173913
GSE288483,GSM8768683_Pt2-1,1,MHC-II-high fraction,0.0434782608695652
GSE288483,GSM8768683_Pt2-1,1,TLS/mregDC co-high fraction,0
GSE288483,GSM8768683_Pt2-1,2,median mregDC score,-0.082229324034652
GSE288483,GSM8768683_Pt2-1,2,median MHC-II score,-0.106620648507774
GSE288483,GSM8768683_Pt2-1,2,mregDC-high fraction,0.0706521739130435
GSE288483,GSM8768683_Pt2-1,2,MHC-II-high fraction,0.0597826086956522
GSE288483,GSM8768683_Pt2-1,2,TLS/mregDC co-high fraction,0
GSE288483,GSM8768683_Pt2-1,3,median mregDC score,-0.111273775127526
GSE288483,GSM8768683_Pt2-1,3,median MHC-II score,-0.12362836002793
GSE288483,GSM8768683_Pt2-1,3,mregDC-high fraction,0.0434782608695652
GSE288483,GSM8768683_Pt2-1,3,MHC-II-high fraction,0.0271739130434783
GSE288483,GSM8768683_Pt2-1,3,TLS/mregDC co-high fraction,0
GSE288483,GSM8768683_Pt2-1,4,median mregDC score,-0.0798806889222023
GSE288483,GSM8768683_Pt2-1,4,median MHC-II score,-0.104475832397922
GSE288483,GSM8768683_Pt2-1,4,mregDC-high fraction,0.0437158469945355
GSE288483,GSM8768683_Pt2-1,4,MHC-II-high fraction,0.0491803278688525
GSE288483,GSM8768683_Pt2-1,4,TLS/mregDC co-high fraction,0
GSE288483,GSM8768683_Pt2-1,5,median mregDC score,-0.0828821175244314
GSE288483,GSM8768683_Pt2-1,5,median MHC-II score,-0.0748679528528174
GSE288483,GSM8768683_Pt2-1,5,mregDC-high fraction,0.0819672131147541
GSE288483,GSM8768683_Pt2-1,5,MHC-II-high fraction,0.0601092896174863
GSE288483,GSM8768683_Pt2-1,5,TLS/mregDC co-high fraction,0
GSE288483,GSM8768683_Pt2-1,6,median mregDC score,-0.0418666368244756
GSE288483,GSM8768683_Pt2-1,6,median MHC-II score,-0.10794938470854
GSE288483,GSM8768683_Pt2-1,6,mregDC-high fraction,0.0327868852459016
GSE288483,GSM8768683_Pt2-1,6,MHC-II-high fraction,0.0382513661202186
GSE288483,GSM8768683_Pt2-1,6,TLS/mregDC co-high fraction,0
GSE288483,GSM8768683_Pt2-1,7,median mregDC score,-0.00358586666704287
GSE288483,GSM8768683_Pt2-1,7,median MHC-II score,-0.0827539382624218
GSE288483,GSM8768683_Pt2-1,7,mregDC-high fraction,0.103825136612022
GSE288483,GSM8768683_Pt2-1,7,MHC-II-high fraction,0.0819672131147541
GSE288483,GSM8768683_Pt2-1,7,TLS/mregDC co-high fraction,0
GSE288483,GSM8768683_Pt2-1,8,median mregDC score,0.0288774493015568
GSE288483,GSM8768683_Pt2-1,8,median MHC-II score,-0.0253933393293757
GSE288483,GSM8768683_Pt2-1,8,mregDC-high fraction,0.114754098360656
GSE288483,GSM8768683_Pt2-1,8,MHC-II-high fraction,0.136612021857924
GSE288483,GSM8768683_Pt2-1,8,TLS/mregDC co-high fraction,0
GSE288483,GSM8768683_Pt2-1,9,median mregDC score,0.0124097728244486
GSE288483,GSM8768683_Pt2-1,9,median MHC-II score,0.067337123715255
GSE288483,GSM8768683_Pt2-1,9,mregDC-high fraction,0.191256830601093
GSE288483,GSM8768683_Pt2-1,9,MHC-II-high fraction,0.185792349726776
GSE288483,GSM8768683_Pt2-1,9,TLS/mregDC co-high fraction,0
GSE288483,GSM8768683_Pt2-1,10,median mregDC score,0.134354088295942
GSE288483,GSM8768683_Pt2-1,10,median MHC-II score,0.184351523466332
GSE288483,GSM8768683_Pt2-1,10,mregDC-high fraction,0.311475409836066
GSE288483,GSM8768683_Pt2-1,10,MHC-II-high fraction,0.3224043715847
GSE288483,GSM8768683_Pt2-1,10,TLS/mregDC co-high fraction,0.311475409836066
GSE288483,GSM8768684_Pt2-2,1,median mregDC score,-0.167767778974834
GSE288483,GSM8768684_Pt2-2,1,median MHC-II score,-0.232040692782423
GSE288483,GSM8768684_Pt2-2,1,mregDC-high fraction,0.0492610837438424
GSE288483,GSM8768684_Pt2-2,1,MHC-II-high fraction,0.0344827586206897
GSE288483,GSM8768684_Pt2-2,1,TLS/mregDC co-high fraction,0
GSE288483,GSM8768684_Pt2-2,2,median mregDC score,-0.147412541927078
GSE288483,GSM8768684_Pt2-2,2,median MHC-II score,-0.175063667395752
GSE288483,GSM8768684_Pt2-2,2,mregDC-high fraction,0.0344827586206897
GSE288483,GSM8768684_Pt2-2,2,MHC-II-high fraction,0.0246305418719212
GSE288483,GSM8768684_Pt2-2,2,TLS/mregDC co-high fraction,0
GSE288483,GSM8768684_Pt2-2,3,median mregDC score,-0.110316674100447
GSE288483,GSM8768684_Pt2-2,3,median MHC-II score,-0.0606768067302658
GSE288483,GSM8768684_Pt2-2,3,mregDC-high fraction,0.0738916256157636
GSE288483,GSM8768684_Pt2-2,3,MHC-II-high fraction,0.0541871921182266
GSE288483,GSM8768684_Pt2-2,3,TLS/mregDC co-high fraction,0
GSE288483,GSM8768684_Pt2-2,4,median mregDC score,-0.116482931649421
GSE288483,GSM8768684_Pt2-2,4,median MHC-II score,-0.0435464695760675
GSE288483,GSM8768684_Pt2-2,4,mregDC-high fraction,0.0591133004926108
GSE288483,GSM8768684_Pt2-2,4,MHC-II-high fraction,0.0640394088669951
GSE288483,GSM8768684_Pt2-2,4,TLS/mregDC co-high fraction,0
GSE288483,GSM8768684_Pt2-2,5,median mregDC score,-0.11360307375743
GSE288483,GSM8768684_Pt2-2,5,median MHC-II score,-0.0721513052877499
GSE288483,GSM8768684_Pt2-2,5,mregDC-high fraction,0.0640394088669951
GSE288483,GSM8768684_Pt2-2,5,MHC-II-high fraction,0.0689655172413793
GSE288483,GSM8768684_Pt2-2,5,TLS/mregDC co-high fraction,0
GSE288483,GSM8768684_Pt2-2,6,median mregDC score,-0.0713865877038621
GSE288483,GSM8768684_Pt2-2,6,median MHC-II score,-0.0102353411953989
GSE288483,GSM8768684_Pt2-2,6,mregDC-high fraction,0.0640394088669951
GSE288483,GSM8768684_Pt2-2,6,MHC-II-high fraction,0.0492610837438424
GSE288483,GSM8768684_Pt2-2,6,TLS/mregDC co-high fraction,0
GSE288483,GSM8768684_Pt2-2,7,median mregDC score,0.0233075511556362
GSE288483,GSM8768684_Pt2-2,7,median MHC-II score,-0.00362465244642991
GSE288483,GSM8768684_Pt2-2,7,mregDC-high fraction,0.128712871287129
GSE288483,GSM8768684_Pt2-2,7,MHC-II-high fraction,0.099009900990099
GSE288483,GSM8768684_Pt2-2,7,TLS/mregDC co-high fraction,0
GSE288483,GSM8768684_Pt2-2,8,median mregDC score,-0.0240993753158221
GSE288483,GSM8768684_Pt2-2,8,median MHC-II score,0.0614072462320629
GSE288483,GSM8768684_Pt2-2,8,mregDC-high fraction,0.108910891089109
GSE288483,GSM8768684_Pt2-2,8,MHC-II-high fraction,0.153465346534653
GSE288483,GSM8768684_Pt2-2,8,TLS/mregDC co-high fraction,0
GSE288483,GSM8768684_Pt2-2,9,median mregDC score,0.0973129236996593
GSE288483,GSM8768684_Pt2-2,9,median MHC-II score,0.10991525095574
GSE288483,GSM8768684_Pt2-2,9,mregDC-high fraction,0.163366336633663
GSE288483,GSM8768684_Pt2-2,9,MHC-II-high fraction,0.188118811881188
GSE288483,GSM8768684_Pt2-2,9,TLS/mregDC co-high fraction,0
GSE288483,GSM8768684_Pt2-2,10,median mregDC score,0.137187768610669
GSE288483,GSM8768684_Pt2-2,10,median MHC-II score,0.179847728075919
GSE288483,GSM8768684_Pt2-2,10,mregDC-high fraction,0.257425742574257
GSE288483,GSM8768684_Pt2-2,10,MHC-II-high fraction,0.267326732673267
GSE288483,GSM8768684_Pt2-2,10,TLS/mregDC co-high fraction,0.257425742574257
GSE288483,GSM8768685_Pt2-3,1,median mregDC score,-0.16626129661302
GSE288483,GSM8768685_Pt2-3,1,median MHC-II score,-0.199693868769435
GSE288483,GSM8768685_Pt2-3,1,mregDC-high fraction,0.0330188679245283
GSE288483,GSM8768685_Pt2-3,1,MHC-II-high fraction,0.0424528301886792
GSE288483,GSM8768685_Pt2-3,1,TLS/mregDC co-high fraction,0
GSE288483,GSM8768685_Pt2-3,2,median mregDC score,-0.0734923587317066
GSE288483,GSM8768685_Pt2-3,2,median MHC-II score,-0.067761067160135
GSE288483,GSM8768685_Pt2-3,2,mregDC-high fraction,0.0141509433962264
GSE288483,GSM8768685_Pt2-3,2,MHC-II-high fraction,0.0424528301886792
GSE288483,GSM8768685_Pt2-3,2,TLS/mregDC co-high fraction,0
GSE288483,GSM8768685_Pt2-3,3,median mregDC score,-0.0105616740859903
GSE288483,GSM8768685_Pt2-3,3,median MHC-II score,-0.0312197846334584
GSE288483,GSM8768685_Pt2-3,3,mregDC-high fraction,0.0377358490566038
GSE288483,GSM8768685_Pt2-3,3,MHC-II-high fraction,0.0613207547169811
GSE288483,GSM8768685_Pt2-3,3,TLS/mregDC co-high fraction,0
GSE288483,GSM8768685_Pt2-3,4,median mregDC score,-0.0442888369871445
GSE288483,GSM8768685_Pt2-3,4,median MHC-II score,0.0109220909234846
GSE288483,GSM8768685_Pt2-3,4,mregDC-high fraction,0.0471698113207547
GSE288483,GSM8768685_Pt2-3,4,MHC-II-high fraction,0.108490566037736
GSE288483,GSM8768685_Pt2-3,4,TLS/mregDC co-high fraction,0
GSE288483,GSM8768685_Pt2-3,5,median mregDC score,0.0364614868501825
GSE288483,GSM8768685_Pt2-3,5,median MHC-II score,0.0863467980881579
GSE288483,GSM8768685_Pt2-3,5,mregDC-high fraction,0.0707547169811321
GSE288483,GSM8768685_Pt2-3,5,MHC-II-high fraction,0.127358490566038
GSE288483,GSM8768685_Pt2-3,5,TLS/mregDC co-high fraction,0
GSE288483,GSM8768685_Pt2-3,6,median mregDC score,0.016447547162151
GSE288483,GSM8768685_Pt2-3,6,median MHC-II score,0.00674171592018127
GSE288483,GSM8768685_Pt2-3,6,mregDC-high fraction,0.113207547169811
GSE288483,GSM8768685_Pt2-3,6,MHC-II-high fraction,0.117924528301887
GSE288483,GSM8768685_Pt2-3,6,TLS/mregDC co-high fraction,0
GSE288483,GSM8768685_Pt2-3,7,median mregDC score,0.0302552455770465
GSE288483,GSM8768685_Pt2-3,7,median MHC-II score,0.0553637429588073
GSE288483,GSM8768685_Pt2-3,7,mregDC-high fraction,0.113207547169811
GSE288483,GSM8768685_Pt2-3,7,MHC-II-high fraction,0.155660377358491
GSE288483,GSM8768685_Pt2-3,7,TLS/mregDC co-high fraction,0
GSE288483,GSM8768685_Pt2-3,8,median mregDC score,0.0811641159800484
GSE288483,GSM8768685_Pt2-3,8,median MHC-II score,0.0742580136590753
GSE288483,GSM8768685_Pt2-3,8,mregDC-high fraction,0.127358490566038
GSE288483,GSM8768685_Pt2-3,8,MHC-II-high fraction,0.136792452830189
GSE288483,GSM8768685_Pt2-3,8,TLS/mregDC co-high fraction,0
GSE288483,GSM8768685_Pt2-3,9,median mregDC score,0.0945892714165687
GSE288483,GSM8768685_Pt2-3,9,median MHC-II score,0.0976182472372866
GSE288483,GSM8768685_Pt2-3,9,mregDC-high fraction,0.169811320754717
GSE288483,GSM8768685_Pt2-3,9,MHC-II-high fraction,0.122641509433962
GSE288483,GSM8768685_Pt2-3,9,TLS/mregDC co-high fraction,0.00471698113207547
GSE288483,GSM8768685_Pt2-3,10,median mregDC score,0.122300064645164
GSE288483,GSM8768685_Pt2-3,10,median MHC-II score,-0.00113652290463992
GSE288483,GSM8768685_Pt2-3,10,mregDC-high fraction,0.274881516587678
GSE288483,GSM8768685_Pt2-3,10,MHC-II-high fraction,0.0853080568720379
GSE288483,GSM8768685_Pt2-3,10,TLS/mregDC co-high fraction,0.274881516587678
GSE288483,GSM8768686_Pt2-4,1,median mregDC score,-0.0856646725058918
GSE288483,GSM8768686_Pt2-4,1,median MHC-II score,-0.0826933611317376
GSE288483,GSM8768686_Pt2-4,1,mregDC-high fraction,0.088145896656535
GSE288483,GSM8768686_Pt2-4,1,MHC-II-high fraction,0.0516717325227964
GSE288483,GSM8768686_Pt2-4,1,TLS/mregDC co-high fraction,0
GSE288483,GSM8768686_Pt2-4,2,median mregDC score,-0.0844425213078684
GSE288483,GSM8768686_Pt2-4,2,median MHC-II score,0.0258617287783386
GSE288483,GSM8768686_Pt2-4,2,mregDC-high fraction,0.0668693009118541
GSE288483,GSM8768686_Pt2-4,2,MHC-II-high fraction,0.088145896656535
GSE288483,GSM8768686_Pt2-4,2,TLS/mregDC co-high fraction,0
GSE288483,GSM8768686_Pt2-4,3,median mregDC score,-0.0626880375198324
GSE288483,GSM8768686_Pt2-4,3,median MHC-II score,0.0296544042743193
GSE288483,GSM8768686_Pt2-4,3,mregDC-high fraction,0.088145896656535
GSE288483,GSM8768686_Pt2-4,3,MHC-II-high fraction,0.060790273556231
GSE288483,GSM8768686_Pt2-4,3,TLS/mregDC co-high fraction,0
GSE288483,GSM8768686_Pt2-4,4,median mregDC score,-0.0727406366000309
GSE288483,GSM8768686_Pt2-4,4,median MHC-II score,0.0304664922979753
GSE288483,GSM8768686_Pt2-4,4,mregDC-high fraction,0.0516717325227964
GSE288483,GSM8768686_Pt2-4,4,MHC-II-high fraction,0.0972644376899696
GSE288483,GSM8768686_Pt2-4,4,TLS/mregDC co-high fraction,0
GSE288483,GSM8768686_Pt2-4,5,median mregDC score,-0.0535086507044357
GSE288483,GSM8768686_Pt2-4,5,median MHC-II score,0.0831999959853608
GSE288483,GSM8768686_Pt2-4,5,mregDC-high fraction,0.0792682926829268
GSE288483,GSM8768686_Pt2-4,5,MHC-II-high fraction,0.0853658536585366
GSE288483,GSM8768686_Pt2-4,5,TLS/mregDC co-high fraction,0
GSE288483,GSM8768686_Pt2-4,6,median mregDC score,-0.0155326884633184
GSE288483,GSM8768686_Pt2-4,6,median MHC-II score,0.092375637259108
GSE288483,GSM8768686_Pt2-4,6,mregDC-high fraction,0.106707317073171
GSE288483,GSM8768686_Pt2-4,6,MHC-II-high fraction,0.115853658536585
GSE288483,GSM8768686_Pt2-4,6,TLS/mregDC co-high fraction,0
GSE288483,GSM8768686_Pt2-4,7,median mregDC score,-0.0186943688039756
GSE288483,GSM8768686_Pt2-4,7,median MHC-II score,0.0915194383861061
GSE288483,GSM8768686_Pt2-4,7,mregDC-high fraction,0.0579268292682927
GSE288483,GSM8768686_Pt2-4,7,MHC-II-high fraction,0.115853658536585
GSE288483,GSM8768686_Pt2-4,7,TLS/mregDC co-high fraction,0
GSE288483,GSM8768686_Pt2-4,8,median mregDC score,-0.0328794639380682
GSE288483,GSM8768686_Pt2-4,8,median MHC-II score,0.0416403530223299
GSE288483,GSM8768686_Pt2-4,8,mregDC-high fraction,0.109756097560976
GSE288483,GSM8768686_Pt2-4,8,MHC-II-high fraction,0.109756097560976
GSE288483,GSM8768686_Pt2-4,8,TLS/mregDC co-high fraction,0
GSE288483,GSM8768686_Pt2-4,9,median mregDC score,0.0191294676100306
GSE288483,GSM8768686_Pt2-4,9,median MHC-II score,0.0486833613081906
GSE288483,GSM8768686_Pt2-4,9,mregDC-high fraction,0.13109756097561
GSE288483,GSM8768686_Pt2-4,9,MHC-II-high fraction,0.11890243902439
GSE288483,GSM8768686_Pt2-4,9,TLS/mregDC co-high fraction,0
GSE288483,GSM8768686_Pt2-4,10,median mregDC score,0.0204463225972762
GSE288483,GSM8768686_Pt2-4,10,median MHC-II score,0.00229229575877128
GSE288483,GSM8768686_Pt2-4,10,mregDC-high fraction,0.222560975609756
GSE288483,GSM8768686_Pt2-4,10,MHC-II-high fraction,0.158536585365854
GSE288483,GSM8768686_Pt2-4,10,TLS/mregDC co-high fraction,0.222560975609756
