dataset,dataset_label,sample_id,sample_short,marker,available,evidence_source,nonmissing_spots_or_cells,positive_spots_or_cells,note
10x_human_ovarian_cancer_ffpe_visium,10x Visium,10x_human_ovarian_cancer_ffpe_visium,10x_human_ovarian_cancer_ffpe_visium,ITGAX,True,coverage_table+spot_expression_column,3455.0,2664.0,
10x_human_ovarian_cancer_ffpe_visium,10x Visium,10x_human_ovarian_cancer_ffpe_visium,10x_human_ovarian_cancer_ffpe_visium,CD11C,False,coverage_table+spot_expression_column,0.0,0.0,CD11C is represented by ITGAX where gene-symbol-level expression was used.
10x_human_ovarian_cancer_ffpe_visium,10x Visium,10x_human_ovarian_cancer_ffpe_visium,10x_human_ovarian_cancer_ffpe_visium,HLA-DRA,True,coverage_table+spot_expression_column,3455.0,3454.0,
10x_human_ovarian_cancer_ffpe_visium,10x Visium,10x_human_ovarian_cancer_ffpe_visium,10x_human_ovarian_cancer_ffpe_visium,HLA-DRB1,True,coverage_table+spot_expression_column,0.0,0.0,
10x_human_ovarian_cancer_ffpe_visium,10x Visium,10x_human_ovarian_cancer_ffpe_visium,10x_human_ovarian_cancer_ffpe_visium,HLA-DRB5,True,coverage_table+spot_expression_column,0.0,0.0,
10x_human_ovarian_cancer_ffpe_visium,10x Visium,10x_human_ovarian_cancer_ffpe_visium,10x_human_ovarian_cancer_ffpe_visium,HLA-DQA1,True,coverage_table+spot_expression_column,0.0,0.0,
10x_human_ovarian_cancer_ffpe_visium,10x Visium,10x_human_ovarian_cancer_ffpe_visium,10x_human_ovarian_cancer_ffpe_visium,HLA-DQB1,True,coverage_table+spot_expression_column,0.0,0.0,
10x_human_ovarian_cancer_ffpe_visium,10x Visium,10x_human_ovarian_cancer_ffpe_visium,10x_human_ovarian_cancer_ffpe_visium,HLA-DPA1,True,coverage_table+spot_expression_column,0.0,0.0,
10x_human_ovarian_cancer_ffpe_visium,10x Visium,10x_human_ovarian_cancer_ffpe_visium,10x_human_ovarian_cancer_ffpe_visium,HLA-DPB1,True,coverage_table+spot_expression_column,0.0,0.0,
10x_human_ovarian_cancer_ffpe_visium,10x Visium,10x_human_ovarian_cancer_ffpe_visium,10x_human_ovarian_cancer_ffpe_visium,CD74,True,coverage_table+spot_expression_column,3455.0,3455.0,
10x_human_ovarian_cancer_ffpe_visium,10x Visium,10x_human_ovarian_cancer_ffpe_visium,10x_human_ovarian_cancer_ffpe_visium,B2M,True,coverage_table+spot_expression_column,0.0,0.0,
10x_human_ovarian_cancer_ffpe_visium,10x Visium,10x_human_ovarian_cancer_ffpe_visium,10x_human_ovarian_cancer_ffpe_visium,CIITA,True,coverage_table+spot_expression_column,0.0,0.0,
10x_human_ovarian_cancer_ffpe_visium,10x Visium,10x_human_ovarian_cancer_ffpe_visium,10x_human_ovarian_cancer_ffpe_visium,NLRC5,False,coverage_table+spot_expression_column,0.0,0.0,
10x_human_ovarian_cancer_ffpe_visium,10x Visium,10x_human_ovarian_cancer_ffpe_visium,10x_human_ovarian_cancer_ffpe_visium,LAMP3,True,coverage_table+spot_expression_column,3455.0,1711.0,
10x_human_ovarian_cancer_ffpe_visium,10x Visium,10x_human_ovarian_cancer_ffpe_visium,10x_human_ovarian_cancer_ffpe_visium,CCR7,True,coverage_table+spot_expression_column,3455.0,828.0,
10x_human_ovarian_cancer_ffpe_visium,10x Visium,10x_human_ovarian_cancer_ffpe_visium,10x_human_ovarian_cancer_ffpe_visium,CD40,True,coverage_table+spot_expression_column,3455.0,2903.0,
10x_human_ovarian_cancer_ffpe_visium,10x Visium,10x_human_ovarian_cancer_ffpe_visium,10x_human_ovarian_cancer_ffpe_visium,CD80,True,coverage_table+spot_expression_column,3455.0,1034.0,
10x_human_ovarian_cancer_ffpe_visium,10x Visium,10x_human_ovarian_cancer_ffpe_visium,10x_human_ovarian_cancer_ffpe_visium,CD86,True,coverage_table+spot_expression_column,3455.0,2436.0,
10x_human_ovarian_cancer_ffpe_visium,10x Visium,10x_human_ovarian_cancer_ffpe_visium,10x_human_ovarian_cancer_ffpe_visium,CD274,True,coverage_table+spot_expression_column,3455.0,1420.0,
10x_human_ovarian_cancer_ffpe_visium,10x Visium,10x_human_ovarian_cancer_ffpe_visium,10x_human_ovarian_cancer_ffpe_visium,PDCD1LG2,True,coverage_table+spot_expression_column,3455.0,1781.0,
GSE211956,GSE211956,GSM6506114_SP5,SP5,ITGAX,True,coverage_table+spot_expression_column,1289.0,933.0,
GSE211956,GSE211956,GSM6506114_SP5,SP5,CD11C,False,coverage_table+spot_expression_column,0.0,0.0,CD11C is represented by ITGAX where gene-symbol-level expression was used.
GSE211956,GSE211956,GSM6506114_SP5,SP5,HLA-DRA,True,coverage_table+spot_expression_column,1289.0,1266.0,
GSE211956,GSE211956,GSM6506114_SP5,SP5,HLA-DRB1,True,coverage_table+spot_expression_column,0.0,0.0,
GSE211956,GSE211956,GSM6506114_SP5,SP5,HLA-DRB5,True,coverage_table+spot_expression_column,0.0,0.0,
GSE211956,GSE211956,GSM6506114_SP5,SP5,HLA-DQA1,True,coverage_table+spot_expression_column,0.0,0.0,
GSE211956,GSE211956,GSM6506114_SP5,SP5,HLA-DQB1,True,coverage_table+spot_expression_column,0.0,0.0,
GSE211956,GSE211956,GSM6506114_SP5,SP5,HLA-DPA1,True,coverage_table+spot_expression_column,0.0,0.0,
GSE211956,GSE211956,GSM6506114_SP5,SP5,HLA-DPB1,True,coverage_table+spot_expression_column,0.0,0.0,
GSE211956,GSE211956,GSM6506114_SP5,SP5,CD74,True,coverage_table+spot_expression_column,1289.0,1288.0,
GSE211956,GSE211956,GSM6506114_SP5,SP5,B2M,True,coverage_table+spot_expression_column,0.0,0.0,
GSE211956,GSE211956,GSM6506114_SP5,SP5,CIITA,True,coverage_table+spot_expression_column,0.0,0.0,
GSE211956,GSE211956,GSM6506114_SP5,SP5,NLRC5,False,coverage_table+spot_expression_column,0.0,0.0,
GSE211956,GSE211956,GSM6506114_SP5,SP5,LAMP3,True,coverage_table+spot_expression_column,1289.0,78.0,
GSE211956,GSE211956,GSM6506114_SP5,SP5,CCR7,True,coverage_table+spot_expression_column,1289.0,73.0,
GSE211956,GSE211956,GSM6506114_SP5,SP5,CD40,True,coverage_table+spot_expression_column,1289.0,438.0,
GSE211956,GSE211956,GSM6506114_SP5,SP5,CD80,True,coverage_table+spot_expression_column,1289.0,47.0,
GSE211956,GSE211956,GSM6506114_SP5,SP5,CD86,True,coverage_table+spot_expression_column,1289.0,486.0,
GSE211956,GSE211956,GSM6506114_SP5,SP5,CD274,True,coverage_table+spot_expression_column,1289.0,156.0,
GSE211956,GSE211956,GSM6506114_SP5,SP5,PDCD1LG2,True,coverage_table+spot_expression_column,1289.0,139.0,
GSE211956,GSE211956,GSM6506113_SP4,SP4,ITGAX,True,coverage_table+spot_expression_column,1786.0,24.0,
GSE211956,GSE211956,GSM6506113_SP4,SP4,CD11C,False,coverage_table+spot_expression_column,0.0,0.0,CD11C is represented by ITGAX where gene-symbol-level expression was used.
GSE211956,GSE211956,GSM6506113_SP4,SP4,HLA-DRA,True,coverage_table+spot_expression_column,1786.0,1316.0,
GSE211956,GSE211956,GSM6506113_SP4,SP4,HLA-DRB1,True,coverage_table+spot_expression_column,0.0,0.0,
GSE211956,GSE211956,GSM6506113_SP4,SP4,HLA-DRB5,True,coverage_table+spot_expression_column,0.0,0.0,
GSE211956,GSE211956,GSM6506113_SP4,SP4,HLA-DQA1,True,coverage_table+spot_expression_column,0.0,0.0,
GSE211956,GSE211956,GSM6506113_SP4,SP4,HLA-DQB1,True,coverage_table+spot_expression_column,0.0,0.0,
GSE211956,GSE211956,GSM6506113_SP4,SP4,HLA-DPA1,True,coverage_table+spot_expression_column,0.0,0.0,
GSE211956,GSE211956,GSM6506113_SP4,SP4,HLA-DPB1,True,coverage_table+spot_expression_column,0.0,0.0,
GSE211956,GSE211956,GSM6506113_SP4,SP4,CD74,True,coverage_table+spot_expression_column,1786.0,1723.0,
GSE211956,GSE211956,GSM6506113_SP4,SP4,B2M,True,coverage_table+spot_expression_column,0.0,0.0,
GSE211956,GSE211956,GSM6506113_SP4,SP4,CIITA,True,coverage_table+spot_expression_column,0.0,0.0,
GSE211956,GSE211956,GSM6506113_SP4,SP4,NLRC5,False,coverage_table+spot_expression_column,0.0,0.0,
GSE211956,GSE211956,GSM6506113_SP4,SP4,LAMP3,True,coverage_table+spot_expression_column,1786.0,34.0,
GSE211956,GSE211956,GSM6506113_SP4,SP4,CCR7,True,coverage_table+spot_expression_column,1786.0,4.0,
GSE211956,GSE211956,GSM6506113_SP4,SP4,CD40,True,coverage_table+spot_expression_column,1786.0,148.0,
GSE211956,GSE211956,GSM6506113_SP4,SP4,CD80,True,coverage_table+spot_expression_column,1786.0,1.0,
GSE211956,GSE211956,GSM6506113_SP4,SP4,CD86,True,coverage_table+spot_expression_column,1786.0,13.0,
GSE211956,GSE211956,GSM6506113_SP4,SP4,CD274,True,coverage_table+spot_expression_column,1786.0,25.0,
GSE211956,GSE211956,GSM6506113_SP4,SP4,PDCD1LG2,True,coverage_table+spot_expression_column,1786.0,8.0,
GSE211956,GSE211956,GSM6506111_SP2,SP2,ITGAX,True,coverage_table+spot_expression_column,1166.0,511.0,
GSE211956,GSE211956,GSM6506111_SP2,SP2,CD11C,False,coverage_table+spot_expression_column,0.0,0.0,CD11C is represented by ITGAX where gene-symbol-level expression was used.
GSE211956,GSE211956,GSM6506111_SP2,SP2,HLA-DRA,True,coverage_table+spot_expression_column,1166.0,1163.0,
GSE211956,GSE211956,GSM6506111_SP2,SP2,HLA-DRB1,True,coverage_table+spot_expression_column,0.0,0.0,
GSE211956,GSE211956,GSM6506111_SP2,SP2,HLA-DRB5,True,coverage_table+spot_expression_column,0.0,0.0,
GSE211956,GSE211956,GSM6506111_SP2,SP2,HLA-DQA1,True,coverage_table+spot_expression_column,0.0,0.0,
GSE211956,GSE211956,GSM6506111_SP2,SP2,HLA-DQB1,True,coverage_table+spot_expression_column,0.0,0.0,
GSE211956,GSE211956,GSM6506111_SP2,SP2,HLA-DPA1,True,coverage_table+spot_expression_column,0.0,0.0,
GSE211956,GSE211956,GSM6506111_SP2,SP2,HLA-DPB1,True,coverage_table+spot_expression_column,0.0,0.0,
GSE211956,GSE211956,GSM6506111_SP2,SP2,CD74,True,coverage_table+spot_expression_column,1166.0,1164.0,
GSE211956,GSE211956,GSM6506111_SP2,SP2,B2M,True,coverage_table+spot_expression_column,0.0,0.0,
GSE211956,GSE211956,GSM6506111_SP2,SP2,CIITA,True,coverage_table+spot_expression_column,0.0,0.0,
GSE211956,GSE211956,GSM6506111_SP2,SP2,NLRC5,False,coverage_table+spot_expression_column,0.0,0.0,
GSE211956,GSE211956,GSM6506111_SP2,SP2,LAMP3,True,coverage_table+spot_expression_column,1166.0,142.0,
GSE211956,GSE211956,GSM6506111_SP2,SP2,CCR7,True,coverage_table+spot_expression_column,1166.0,102.0,
GSE211956,GSE211956,GSM6506111_SP2,SP2,CD40,True,coverage_table+spot_expression_column,1166.0,296.0,
GSE211956,GSE211956,GSM6506111_SP2,SP2,CD80,True,coverage_table+spot_expression_column,1166.0,8.0,
GSE211956,GSE211956,GSM6506111_SP2,SP2,CD86,True,coverage_table+spot_expression_column,1166.0,204.0,
GSE211956,GSE211956,GSM6506111_SP2,SP2,CD274,True,coverage_table+spot_expression_column,1166.0,73.0,
GSE211956,GSE211956,GSM6506111_SP2,SP2,PDCD1LG2,True,coverage_table+spot_expression_column,1166.0,62.0,
GSE211956,GSE211956,GSM6506117_SP8,SP8,ITGAX,True,coverage_table+spot_expression_column,1892.0,119.0,
GSE211956,GSE211956,GSM6506117_SP8,SP8,CD11C,False,coverage_table+spot_expression_column,0.0,0.0,CD11C is represented by ITGAX where gene-symbol-level expression was used.
GSE211956,GSE211956,GSM6506117_SP8,SP8,HLA-DRA,True,coverage_table+spot_expression_column,1892.0,1453.0,
GSE211956,GSE211956,GSM6506117_SP8,SP8,HLA-DRB1,True,coverage_table+spot_expression_column,0.0,0.0,
GSE211956,GSE211956,GSM6506117_SP8,SP8,HLA-DRB5,True,coverage_table+spot_expression_column,0.0,0.0,
GSE211956,GSE211956,GSM6506117_SP8,SP8,HLA-DQA1,True,coverage_table+spot_expression_column,0.0,0.0,
GSE211956,GSE211956,GSM6506117_SP8,SP8,HLA-DQB1,True,coverage_table+spot_expression_column,0.0,0.0,
GSE211956,GSE211956,GSM6506117_SP8,SP8,HLA-DPA1,True,coverage_table+spot_expression_column,0.0,0.0,
GSE211956,GSE211956,GSM6506117_SP8,SP8,HLA-DPB1,True,coverage_table+spot_expression_column,0.0,0.0,
GSE211956,GSE211956,GSM6506117_SP8,SP8,CD74,True,coverage_table+spot_expression_column,1892.0,1805.0,
GSE211956,GSE211956,GSM6506117_SP8,SP8,B2M,True,coverage_table+spot_expression_column,0.0,0.0,
GSE211956,GSE211956,GSM6506117_SP8,SP8,CIITA,True,coverage_table+spot_expression_column,0.0,0.0,
GSE211956,GSE211956,GSM6506117_SP8,SP8,NLRC5,False,coverage_table+spot_expression_column,0.0,0.0,
GSE211956,GSE211956,GSM6506117_SP8,SP8,LAMP3,True,coverage_table+spot_expression_column,1892.0,37.0,
GSE211956,GSE211956,GSM6506117_SP8,SP8,CCR7,True,coverage_table+spot_expression_column,1892.0,18.0,
GSE211956,GSE211956,GSM6506117_SP8,SP8,CD40,True,coverage_table+spot_expression_column,1892.0,304.0,
GSE211956,GSE211956,GSM6506117_SP8,SP8,CD80,True,coverage_table+spot_expression_column,1892.0,3.0,
GSE211956,GSE211956,GSM6506117_SP8,SP8,CD86,True,coverage_table+spot_expression_column,1892.0,48.0,
GSE211956,GSE211956,GSM6506117_SP8,SP8,CD274,True,coverage_table+spot_expression_column,1892.0,29.0,
GSE211956,GSE211956,GSM6506117_SP8,SP8,PDCD1LG2,True,coverage_table+spot_expression_column,1892.0,24.0,
GSE211956,GSE211956,GSM6506115_SP6,SP6,ITGAX,True,coverage_table+spot_expression_column,1064.0,231.0,
GSE211956,GSE211956,GSM6506115_SP6,SP6,CD11C,False,coverage_table+spot_expression_column,0.0,0.0,CD11C is represented by ITGAX where gene-symbol-level expression was used.
GSE211956,GSE211956,GSM6506115_SP6,SP6,HLA-DRA,True,coverage_table+spot_expression_column,1064.0,1027.0,
GSE211956,GSE211956,GSM6506115_SP6,SP6,HLA-DRB1,True,coverage_table+spot_expression_column,0.0,0.0,
GSE211956,GSE211956,GSM6506115_SP6,SP6,HLA-DRB5,True,coverage_table+spot_expression_column,0.0,0.0,
GSE211956,GSE211956,GSM6506115_SP6,SP6,HLA-DQA1,True,coverage_table+spot_expression_column,0.0,0.0,
GSE211956,GSE211956,GSM6506115_SP6,SP6,HLA-DQB1,True,coverage_table+spot_expression_column,0.0,0.0,
GSE211956,GSE211956,GSM6506115_SP6,SP6,HLA-DPA1,True,coverage_table+spot_expression_column,0.0,0.0,
GSE211956,GSE211956,GSM6506115_SP6,SP6,HLA-DPB1,True,coverage_table+spot_expression_column,0.0,0.0,
GSE211956,GSE211956,GSM6506115_SP6,SP6,CD74,True,coverage_table+spot_expression_column,1064.0,1051.0,
GSE211956,GSE211956,GSM6506115_SP6,SP6,B2M,True,coverage_table+spot_expression_column,0.0,0.0,
GSE211956,GSE211956,GSM6506115_SP6,SP6,CIITA,True,coverage_table+spot_expression_column,0.0,0.0,
GSE211956,GSE211956,GSM6506115_SP6,SP6,NLRC5,False,coverage_table+spot_expression_column,0.0,0.0,
GSE211956,GSE211956,GSM6506115_SP6,SP6,LAMP3,True,coverage_table+spot_expression_column,1064.0,113.0,
GSE211956,GSE211956,GSM6506115_SP6,SP6,CCR7,True,coverage_table+spot_expression_column,1064.0,33.0,
GSE211956,GSE211956,GSM6506115_SP6,SP6,CD40,True,coverage_table+spot_expression_column,1064.0,259.0,
GSE211956,GSE211956,GSM6506115_SP6,SP6,CD80,True,coverage_table+spot_expression_column,1064.0,10.0,
GSE211956,GSE211956,GSM6506115_SP6,SP6,CD86,True,coverage_table+spot_expression_column,1064.0,139.0,
GSE211956,GSE211956,GSM6506115_SP6,SP6,CD274,True,coverage_table+spot_expression_column,1064.0,65.0,
GSE211956,GSE211956,GSM6506115_SP6,SP6,PDCD1LG2,True,coverage_table+spot_expression_column,1064.0,79.0,
GSE211956,GSE211956,GSM6506112_SP3,SP3,ITGAX,True,coverage_table+spot_expression_column,923.0,64.0,
GSE211956,GSE211956,GSM6506112_SP3,SP3,CD11C,False,coverage_table+spot_expression_column,0.0,0.0,CD11C is represented by ITGAX where gene-symbol-level expression was used.
GSE211956,GSE211956,GSM6506112_SP3,SP3,HLA-DRA,True,coverage_table+spot_expression_column,923.0,827.0,
GSE211956,GSE211956,GSM6506112_SP3,SP3,HLA-DRB1,True,coverage_table+spot_expression_column,0.0,0.0,
GSE211956,GSE211956,GSM6506112_SP3,SP3,HLA-DRB5,True,coverage_table+spot_expression_column,0.0,0.0,
GSE211956,GSE211956,GSM6506112_SP3,SP3,HLA-DQA1,True,coverage_table+spot_expression_column,0.0,0.0,
GSE211956,GSE211956,GSM6506112_SP3,SP3,HLA-DQB1,True,coverage_table+spot_expression_column,0.0,0.0,
GSE211956,GSE211956,GSM6506112_SP3,SP3,HLA-DPA1,True,coverage_table+spot_expression_column,0.0,0.0,
GSE211956,GSE211956,GSM6506112_SP3,SP3,HLA-DPB1,True,coverage_table+spot_expression_column,0.0,0.0,
GSE211956,GSE211956,GSM6506112_SP3,SP3,CD74,True,coverage_table+spot_expression_column,923.0,912.0,
GSE211956,GSE211956,GSM6506112_SP3,SP3,B2M,True,coverage_table+spot_expression_column,0.0,0.0,
GSE211956,GSE211956,GSM6506112_SP3,SP3,CIITA,True,coverage_table+spot_expression_column,0.0,0.0,
GSE211956,GSE211956,GSM6506112_SP3,SP3,NLRC5,False,coverage_table+spot_expression_column,0.0,0.0,
GSE211956,GSE211956,GSM6506112_SP3,SP3,LAMP3,True,coverage_table+spot_expression_column,923.0,82.0,
GSE211956,GSE211956,GSM6506112_SP3,SP3,CCR7,True,coverage_table+spot_expression_column,923.0,23.0,
GSE211956,GSE211956,GSM6506112_SP3,SP3,CD40,True,coverage_table+spot_expression_column,923.0,281.0,
GSE211956,GSE211956,GSM6506112_SP3,SP3,CD80,True,coverage_table+spot_expression_column,923.0,4.0,
GSE211956,GSE211956,GSM6506112_SP3,SP3,CD86,True,coverage_table+spot_expression_column,923.0,52.0,
GSE211956,GSE211956,GSM6506112_SP3,SP3,CD274,True,coverage_table+spot_expression_column,923.0,43.0,
GSE211956,GSE211956,GSM6506112_SP3,SP3,PDCD1LG2,True,coverage_table+spot_expression_column,923.0,17.0,
GSE211956,GSE211956,GSM6506110_SP1,SP1,ITGAX,True,coverage_table+spot_expression_column,1751.0,78.0,
GSE211956,GSE211956,GSM6506110_SP1,SP1,CD11C,False,coverage_table+spot_expression_column,0.0,0.0,CD11C is represented by ITGAX where gene-symbol-level expression was used.
GSE211956,GSE211956,GSM6506110_SP1,SP1,HLA-DRA,True,coverage_table+spot_expression_column,1751.0,1231.0,
GSE211956,GSE211956,GSM6506110_SP1,SP1,HLA-DRB1,True,coverage_table+spot_expression_column,0.0,0.0,
GSE211956,GSE211956,GSM6506110_SP1,SP1,HLA-DRB5,True,coverage_table+spot_expression_column,0.0,0.0,
GSE211956,GSE211956,GSM6506110_SP1,SP1,HLA-DQA1,True,coverage_table+spot_expression_column,0.0,0.0,
GSE211956,GSE211956,GSM6506110_SP1,SP1,HLA-DQB1,True,coverage_table+spot_expression_column,0.0,0.0,
GSE211956,GSE211956,GSM6506110_SP1,SP1,HLA-DPA1,True,coverage_table+spot_expression_column,0.0,0.0,
GSE211956,GSE211956,GSM6506110_SP1,SP1,HLA-DPB1,True,coverage_table+spot_expression_column,0.0,0.0,
GSE211956,GSE211956,GSM6506110_SP1,SP1,CD74,True,coverage_table+spot_expression_column,1751.0,1615.0,
GSE211956,GSE211956,GSM6506110_SP1,SP1,B2M,True,coverage_table+spot_expression_column,0.0,0.0,
GSE211956,GSE211956,GSM6506110_SP1,SP1,CIITA,True,coverage_table+spot_expression_column,0.0,0.0,
GSE211956,GSE211956,GSM6506110_SP1,SP1,NLRC5,False,coverage_table+spot_expression_column,0.0,0.0,
GSE211956,GSE211956,GSM6506110_SP1,SP1,LAMP3,True,coverage_table+spot_expression_column,1751.0,214.0,
GSE211956,GSE211956,GSM6506110_SP1,SP1,CCR7,True,coverage_table+spot_expression_column,1751.0,16.0,
GSE211956,GSE211956,GSM6506110_SP1,SP1,CD40,True,coverage_table+spot_expression_column,1751.0,160.0,
GSE211956,GSE211956,GSM6506110_SP1,SP1,CD80,True,coverage_table+spot_expression_column,1751.0,10.0,
GSE211956,GSE211956,GSM6506110_SP1,SP1,CD86,True,coverage_table+spot_expression_column,1751.0,56.0,
GSE211956,GSE211956,GSM6506110_SP1,SP1,CD274,True,coverage_table+spot_expression_column,1751.0,38.0,
GSE211956,GSE211956,GSM6506110_SP1,SP1,PDCD1LG2,True,coverage_table+spot_expression_column,1751.0,15.0,
GSE211956,GSE211956,GSM6506116_SP7,SP7,ITGAX,True,coverage_table+spot_expression_column,2129.0,129.0,
GSE211956,GSE211956,GSM6506116_SP7,SP7,CD11C,False,coverage_table+spot_expression_column,0.0,0.0,CD11C is represented by ITGAX where gene-symbol-level expression was used.
GSE211956,GSE211956,GSM6506116_SP7,SP7,HLA-DRA,True,coverage_table+spot_expression_column,2129.0,1684.0,
GSE211956,GSE211956,GSM6506116_SP7,SP7,HLA-DRB1,True,coverage_table+spot_expression_column,0.0,0.0,
GSE211956,GSE211956,GSM6506116_SP7,SP7,HLA-DRB5,True,coverage_table+spot_expression_column,0.0,0.0,
GSE211956,GSE211956,GSM6506116_SP7,SP7,HLA-DQA1,True,coverage_table+spot_expression_column,0.0,0.0,
GSE211956,GSE211956,GSM6506116_SP7,SP7,HLA-DQB1,True,coverage_table+spot_expression_column,0.0,0.0,
GSE211956,GSE211956,GSM6506116_SP7,SP7,HLA-DPA1,True,coverage_table+spot_expression_column,0.0,0.0,
GSE211956,GSE211956,GSM6506116_SP7,SP7,HLA-DPB1,True,coverage_table+spot_expression_column,0.0,0.0,
GSE211956,GSE211956,GSM6506116_SP7,SP7,CD74,True,coverage_table+spot_expression_column,2129.0,2020.0,
GSE211956,GSE211956,GSM6506116_SP7,SP7,B2M,True,coverage_table+spot_expression_column,0.0,0.0,
GSE211956,GSE211956,GSM6506116_SP7,SP7,CIITA,True,coverage_table+spot_expression_column,0.0,0.0,
GSE211956,GSE211956,GSM6506116_SP7,SP7,NLRC5,False,coverage_table+spot_expression_column,0.0,0.0,
GSE211956,GSE211956,GSM6506116_SP7,SP7,LAMP3,True,coverage_table+spot_expression_column,2129.0,14.0,
GSE211956,GSE211956,GSM6506116_SP7,SP7,CCR7,True,coverage_table+spot_expression_column,2129.0,3.0,
GSE211956,GSE211956,GSM6506116_SP7,SP7,CD40,True,coverage_table+spot_expression_column,2129.0,449.0,
GSE211956,GSE211956,GSM6506116_SP7,SP7,CD80,True,coverage_table+spot_expression_column,2129.0,1.0,
GSE211956,GSE211956,GSM6506116_SP7,SP7,CD86,True,coverage_table+spot_expression_column,2129.0,56.0,
GSE211956,GSE211956,GSM6506116_SP7,SP7,CD274,True,coverage_table+spot_expression_column,2129.0,15.0,
GSE211956,GSE211956,GSM6506116_SP7,SP7,PDCD1LG2,True,coverage_table+spot_expression_column,2129.0,8.0,
GSE224335,GSE224335,GSM7019835_OCCR2v,OCCR2v,ITGAX,True,coverage_table+spot_expression_column,1514.0,30.0,
GSE224335,GSE224335,GSM7019835_OCCR2v,OCCR2v,CD11C,False,coverage_table+spot_expression_column,0.0,0.0,CD11C is represented by ITGAX where gene-symbol-level expression was used.
GSE224335,GSE224335,GSM7019835_OCCR2v,OCCR2v,HLA-DRA,True,coverage_table+spot_expression_column,1514.0,996.0,
GSE224335,GSE224335,GSM7019835_OCCR2v,OCCR2v,HLA-DRB1,True,coverage_table+spot_expression_column,0.0,0.0,
GSE224335,GSE224335,GSM7019835_OCCR2v,OCCR2v,HLA-DRB5,True,coverage_table+spot_expression_column,0.0,0.0,
GSE224335,GSE224335,GSM7019835_OCCR2v,OCCR2v,HLA-DQA1,True,coverage_table+spot_expression_column,0.0,0.0,
GSE224335,GSE224335,GSM7019835_OCCR2v,OCCR2v,HLA-DQB1,True,coverage_table+spot_expression_column,0.0,0.0,
GSE224335,GSE224335,GSM7019835_OCCR2v,OCCR2v,HLA-DPA1,True,coverage_table+spot_expression_column,0.0,0.0,
GSE224335,GSE224335,GSM7019835_OCCR2v,OCCR2v,HLA-DPB1,True,coverage_table+spot_expression_column,0.0,0.0,
GSE224335,GSE224335,GSM7019835_OCCR2v,OCCR2v,CD74,True,coverage_table+spot_expression_column,1514.0,1398.0,
GSE224335,GSE224335,GSM7019835_OCCR2v,OCCR2v,B2M,True,coverage_table+spot_expression_column,0.0,0.0,
GSE224335,GSE224335,GSM7019835_OCCR2v,OCCR2v,CIITA,True,coverage_table+spot_expression_column,0.0,0.0,
GSE224335,GSE224335,GSM7019835_OCCR2v,OCCR2v,NLRC5,False,coverage_table+spot_expression_column,0.0,0.0,
GSE224335,GSE224335,GSM7019835_OCCR2v,OCCR2v,LAMP3,True,coverage_table+spot_expression_column,1514.0,17.0,
GSE224335,GSE224335,GSM7019835_OCCR2v,OCCR2v,CCR7,True,coverage_table+spot_expression_column,1514.0,10.0,
GSE224335,GSE224335,GSM7019835_OCCR2v,OCCR2v,CD40,True,coverage_table+spot_expression_column,1514.0,81.0,
GSE224335,GSE224335,GSM7019835_OCCR2v,OCCR2v,CD80,True,coverage_table+spot_expression_column,1514.0,0.0,
GSE224335,GSE224335,GSM7019835_OCCR2v,OCCR2v,CD86,True,coverage_table+spot_expression_column,1514.0,46.0,
GSE224335,GSE224335,GSM7019835_OCCR2v,OCCR2v,CD274,True,coverage_table+spot_expression_column,1514.0,13.0,
GSE224335,GSE224335,GSM7019835_OCCR2v,OCCR2v,PDCD1LG2,True,coverage_table+spot_expression_column,1514.0,6.0,
GSE224335,GSE224335,GSM7019836_OCCS3v,OCCS3v,ITGAX,True,coverage_table+spot_expression_column,898.0,45.0,
GSE224335,GSE224335,GSM7019836_OCCS3v,OCCS3v,CD11C,False,coverage_table+spot_expression_column,0.0,0.0,CD11C is represented by ITGAX where gene-symbol-level expression was used.
GSE224335,GSE224335,GSM7019836_OCCS3v,OCCS3v,HLA-DRA,True,coverage_table+spot_expression_column,898.0,552.0,
GSE224335,GSE224335,GSM7019836_OCCS3v,OCCS3v,HLA-DRB1,True,coverage_table+spot_expression_column,0.0,0.0,
GSE224335,GSE224335,GSM7019836_OCCS3v,OCCS3v,HLA-DRB5,True,coverage_table+spot_expression_column,0.0,0.0,
GSE224335,GSE224335,GSM7019836_OCCS3v,OCCS3v,HLA-DQA1,True,coverage_table+spot_expression_column,0.0,0.0,
GSE224335,GSE224335,GSM7019836_OCCS3v,OCCS3v,HLA-DQB1,True,coverage_table+spot_expression_column,0.0,0.0,
GSE224335,GSE224335,GSM7019836_OCCS3v,OCCS3v,HLA-DPA1,True,coverage_table+spot_expression_column,0.0,0.0,
GSE224335,GSE224335,GSM7019836_OCCS3v,OCCS3v,HLA-DPB1,True,coverage_table+spot_expression_column,0.0,0.0,
GSE224335,GSE224335,GSM7019836_OCCS3v,OCCS3v,CD74,True,coverage_table+spot_expression_column,898.0,845.0,
GSE224335,GSE224335,GSM7019836_OCCS3v,OCCS3v,B2M,True,coverage_table+spot_expression_column,0.0,0.0,
GSE224335,GSE224335,GSM7019836_OCCS3v,OCCS3v,CIITA,True,coverage_table+spot_expression_column,0.0,0.0,
GSE224335,GSE224335,GSM7019836_OCCS3v,OCCS3v,NLRC5,False,coverage_table+spot_expression_column,0.0,0.0,
GSE224335,GSE224335,GSM7019836_OCCS3v,OCCS3v,LAMP3,True,coverage_table+spot_expression_column,898.0,0.0,
GSE224335,GSE224335,GSM7019836_OCCS3v,OCCS3v,CCR7,True,coverage_table+spot_expression_column,898.0,8.0,
GSE224335,GSE224335,GSM7019836_OCCS3v,OCCS3v,CD40,True,coverage_table+spot_expression_column,898.0,67.0,
GSE224335,GSE224335,GSM7019836_OCCS3v,OCCS3v,CD80,True,coverage_table+spot_expression_column,898.0,2.0,
GSE224335,GSE224335,GSM7019836_OCCS3v,OCCS3v,CD86,True,coverage_table+spot_expression_column,898.0,26.0,
GSE224335,GSE224335,GSM7019836_OCCS3v,OCCS3v,CD274,True,coverage_table+spot_expression_column,898.0,11.0,
GSE224335,GSE224335,GSM7019836_OCCS3v,OCCS3v,PDCD1LG2,True,coverage_table+spot_expression_column,898.0,2.0,
GSE274657,GSE274657,GSM8454235_Patient_8,Patient_8,ITGAX,True,coverage_table+spot_expression_column,3254.0,1731.0,
GSE274657,GSE274657,GSM8454235_Patient_8,Patient_8,CD11C,False,coverage_table+spot_expression_column,0.0,0.0,CD11C is represented by ITGAX where gene-symbol-level expression was used.
GSE274657,GSE274657,GSM8454235_Patient_8,Patient_8,HLA-DRA,False,coverage_table+spot_expression_column,0.0,0.0,
GSE274657,GSE274657,GSM8454235_Patient_8,Patient_8,HLA-DRB1,False,coverage_table+spot_expression_column,0.0,0.0,
GSE274657,GSE274657,GSM8454235_Patient_8,Patient_8,HLA-DRB5,False,coverage_table+spot_expression_column,0.0,0.0,
GSE274657,GSE274657,GSM8454235_Patient_8,Patient_8,HLA-DQA1,False,coverage_table+spot_expression_column,0.0,0.0,
GSE274657,GSE274657,GSM8454235_Patient_8,Patient_8,HLA-DQB1,False,coverage_table+spot_expression_column,0.0,0.0,
GSE274657,GSE274657,GSM8454235_Patient_8,Patient_8,HLA-DPA1,False,coverage_table+spot_expression_column,0.0,0.0,
GSE274657,GSE274657,GSM8454235_Patient_8,Patient_8,HLA-DPB1,False,coverage_table+spot_expression_column,0.0,0.0,
GSE274657,GSE274657,GSM8454235_Patient_8,Patient_8,CD74,True,coverage_table+spot_expression_column,3254.0,3224.0,
GSE274657,GSE274657,GSM8454235_Patient_8,Patient_8,B2M,True,coverage_table+spot_expression_column,0.0,0.0,
GSE274657,GSE274657,GSM8454235_Patient_8,Patient_8,CIITA,True,coverage_table+spot_expression_column,0.0,0.0,
GSE274657,GSE274657,GSM8454235_Patient_8,Patient_8,NLRC5,False,coverage_table+spot_expression_column,0.0,0.0,
GSE274657,GSE274657,GSM8454235_Patient_8,Patient_8,LAMP3,True,coverage_table+spot_expression_column,3254.0,548.0,
GSE274657,GSE274657,GSM8454235_Patient_8,Patient_8,CCR7,True,coverage_table+spot_expression_column,3254.0,261.0,
GSE274657,GSE274657,GSM8454235_Patient_8,Patient_8,CD40,True,coverage_table+spot_expression_column,3254.0,1547.0,
GSE274657,GSE274657,GSM8454235_Patient_8,Patient_8,CD80,True,coverage_table+spot_expression_column,3254.0,370.0,
GSE274657,GSE274657,GSM8454235_Patient_8,Patient_8,CD86,True,coverage_table+spot_expression_column,3254.0,953.0,
GSE274657,GSE274657,GSM8454235_Patient_8,Patient_8,CD274,True,coverage_table+spot_expression_column,3254.0,469.0,
GSE274657,GSE274657,GSM8454235_Patient_8,Patient_8,PDCD1LG2,True,coverage_table+spot_expression_column,3254.0,437.0,
GSE274657,GSE274657,GSM8454236_Patient_16,Patient_16,ITGAX,True,coverage_table+spot_expression_column,3649.0,101.0,
GSE274657,GSE274657,GSM8454236_Patient_16,Patient_16,CD11C,False,coverage_table+spot_expression_column,0.0,0.0,CD11C is represented by ITGAX where gene-symbol-level expression was used.
GSE274657,GSE274657,GSM8454236_Patient_16,Patient_16,HLA-DRA,False,coverage_table+spot_expression_column,0.0,0.0,
GSE274657,GSE274657,GSM8454236_Patient_16,Patient_16,HLA-DRB1,False,coverage_table+spot_expression_column,0.0,0.0,
GSE274657,GSE274657,GSM8454236_Patient_16,Patient_16,HLA-DRB5,False,coverage_table+spot_expression_column,0.0,0.0,
GSE274657,GSE274657,GSM8454236_Patient_16,Patient_16,HLA-DQA1,False,coverage_table+spot_expression_column,0.0,0.0,
GSE274657,GSE274657,GSM8454236_Patient_16,Patient_16,HLA-DQB1,False,coverage_table+spot_expression_column,0.0,0.0,
GSE274657,GSE274657,GSM8454236_Patient_16,Patient_16,HLA-DPA1,False,coverage_table+spot_expression_column,0.0,0.0,
GSE274657,GSE274657,GSM8454236_Patient_16,Patient_16,HLA-DPB1,False,coverage_table+spot_expression_column,0.0,0.0,
GSE274657,GSE274657,GSM8454236_Patient_16,Patient_16,CD74,True,coverage_table+spot_expression_column,3649.0,2296.0,
GSE274657,GSE274657,GSM8454236_Patient_16,Patient_16,B2M,True,coverage_table+spot_expression_column,0.0,0.0,
GSE274657,GSE274657,GSM8454236_Patient_16,Patient_16,CIITA,True,coverage_table+spot_expression_column,0.0,0.0,
GSE274657,GSE274657,GSM8454236_Patient_16,Patient_16,NLRC5,False,coverage_table+spot_expression_column,0.0,0.0,
GSE274657,GSE274657,GSM8454236_Patient_16,Patient_16,LAMP3,True,coverage_table+spot_expression_column,3649.0,109.0,
GSE274657,GSE274657,GSM8454236_Patient_16,Patient_16,CCR7,True,coverage_table+spot_expression_column,3649.0,10.0,
GSE274657,GSE274657,GSM8454236_Patient_16,Patient_16,CD40,True,coverage_table+spot_expression_column,3649.0,68.0,
GSE274657,GSE274657,GSM8454236_Patient_16,Patient_16,CD80,True,coverage_table+spot_expression_column,3649.0,17.0,
GSE274657,GSE274657,GSM8454236_Patient_16,Patient_16,CD86,True,coverage_table+spot_expression_column,3649.0,30.0,
GSE274657,GSE274657,GSM8454236_Patient_16,Patient_16,CD274,True,coverage_table+spot_expression_column,3649.0,29.0,
GSE274657,GSE274657,GSM8454236_Patient_16,Patient_16,PDCD1LG2,True,coverage_table+spot_expression_column,3649.0,9.0,
GSE274657,GSE274657,GSM8454237_Patient_17,Patient_17,ITGAX,True,coverage_table+spot_expression_column,3904.0,294.0,
GSE274657,GSE274657,GSM8454237_Patient_17,Patient_17,CD11C,False,coverage_table+spot_expression_column,0.0,0.0,CD11C is represented by ITGAX where gene-symbol-level expression was used.
GSE274657,GSE274657,GSM8454237_Patient_17,Patient_17,HLA-DRA,False,coverage_table+spot_expression_column,0.0,0.0,
GSE274657,GSE274657,GSM8454237_Patient_17,Patient_17,HLA-DRB1,False,coverage_table+spot_expression_column,0.0,0.0,
GSE274657,GSE274657,GSM8454237_Patient_17,Patient_17,HLA-DRB5,False,coverage_table+spot_expression_column,0.0,0.0,
GSE274657,GSE274657,GSM8454237_Patient_17,Patient_17,HLA-DQA1,False,coverage_table+spot_expression_column,0.0,0.0,
GSE274657,GSE274657,GSM8454237_Patient_17,Patient_17,HLA-DQB1,False,coverage_table+spot_expression_column,0.0,0.0,
GSE274657,GSE274657,GSM8454237_Patient_17,Patient_17,HLA-DPA1,False,coverage_table+spot_expression_column,0.0,0.0,
GSE274657,GSE274657,GSM8454237_Patient_17,Patient_17,HLA-DPB1,False,coverage_table+spot_expression_column,0.0,0.0,
GSE274657,GSE274657,GSM8454237_Patient_17,Patient_17,CD74,True,coverage_table+spot_expression_column,3904.0,3833.0,
GSE274657,GSE274657,GSM8454237_Patient_17,Patient_17,B2M,True,coverage_table+spot_expression_column,0.0,0.0,
GSE274657,GSE274657,GSM8454237_Patient_17,Patient_17,CIITA,True,coverage_table+spot_expression_column,0.0,0.0,
GSE274657,GSE274657,GSM8454237_Patient_17,Patient_17,NLRC5,False,coverage_table+spot_expression_column,0.0,0.0,
GSE274657,GSE274657,GSM8454237_Patient_17,Patient_17,LAMP3,True,coverage_table+spot_expression_column,3904.0,301.0,
GSE274657,GSE274657,GSM8454237_Patient_17,Patient_17,CCR7,True,coverage_table+spot_expression_column,3904.0,14.0,
GSE274657,GSE274657,GSM8454237_Patient_17,Patient_17,CD40,True,coverage_table+spot_expression_column,3904.0,427.0,
GSE274657,GSE274657,GSM8454237_Patient_17,Patient_17,CD80,True,coverage_table+spot_expression_column,3904.0,63.0,
GSE274657,GSE274657,GSM8454237_Patient_17,Patient_17,CD86,True,coverage_table+spot_expression_column,3904.0,160.0,
GSE274657,GSE274657,GSM8454237_Patient_17,Patient_17,CD274,True,coverage_table+spot_expression_column,3904.0,80.0,
GSE274657,GSE274657,GSM8454237_Patient_17,Patient_17,PDCD1LG2,True,coverage_table+spot_expression_column,3904.0,49.0,
GSE274657,GSE274657,GSM8454234_Patient_2,Patient_2,ITGAX,True,coverage_table+spot_expression_column,1193.0,1036.0,
GSE274657,GSE274657,GSM8454234_Patient_2,Patient_2,CD11C,False,coverage_table+spot_expression_column,0.0,0.0,CD11C is represented by ITGAX where gene-symbol-level expression was used.
GSE274657,GSE274657,GSM8454234_Patient_2,Patient_2,HLA-DRA,False,coverage_table+spot_expression_column,0.0,0.0,
GSE274657,GSE274657,GSM8454234_Patient_2,Patient_2,HLA-DRB1,False,coverage_table+spot_expression_column,0.0,0.0,
GSE274657,GSE274657,GSM8454234_Patient_2,Patient_2,HLA-DRB5,False,coverage_table+spot_expression_column,0.0,0.0,
GSE274657,GSE274657,GSM8454234_Patient_2,Patient_2,HLA-DQA1,False,coverage_table+spot_expression_column,0.0,0.0,
GSE274657,GSE274657,GSM8454234_Patient_2,Patient_2,HLA-DQB1,False,coverage_table+spot_expression_column,0.0,0.0,
GSE274657,GSE274657,GSM8454234_Patient_2,Patient_2,HLA-DPA1,False,coverage_table+spot_expression_column,0.0,0.0,
GSE274657,GSE274657,GSM8454234_Patient_2,Patient_2,HLA-DPB1,False,coverage_table+spot_expression_column,0.0,0.0,
GSE274657,GSE274657,GSM8454234_Patient_2,Patient_2,CD74,True,coverage_table+spot_expression_column,1193.0,1193.0,
GSE274657,GSE274657,GSM8454234_Patient_2,Patient_2,B2M,True,coverage_table+spot_expression_column,0.0,0.0,
GSE274657,GSE274657,GSM8454234_Patient_2,Patient_2,CIITA,True,coverage_table+spot_expression_column,0.0,0.0,
GSE274657,GSE274657,GSM8454234_Patient_2,Patient_2,NLRC5,False,coverage_table+spot_expression_column,0.0,0.0,
GSE274657,GSE274657,GSM8454234_Patient_2,Patient_2,LAMP3,True,coverage_table+spot_expression_column,1193.0,673.0,
GSE274657,GSE274657,GSM8454234_Patient_2,Patient_2,CCR7,True,coverage_table+spot_expression_column,1193.0,113.0,
GSE274657,GSE274657,GSM8454234_Patient_2,Patient_2,CD40,True,coverage_table+spot_expression_column,1193.0,1169.0,
GSE274657,GSE274657,GSM8454234_Patient_2,Patient_2,CD80,True,coverage_table+spot_expression_column,1193.0,372.0,
GSE274657,GSE274657,GSM8454234_Patient_2,Patient_2,CD86,True,coverage_table+spot_expression_column,1193.0,769.0,
GSE274657,GSE274657,GSM8454234_Patient_2,Patient_2,CD274,True,coverage_table+spot_expression_column,1193.0,492.0,
GSE274657,GSE274657,GSM8454234_Patient_2,Patient_2,PDCD1LG2,True,coverage_table+spot_expression_column,1193.0,352.0,
GSE288483,GSE288483,GSM8768686_Pt2-4,Pt2-4,ITGAX,True,coverage_table+spot_expression_column,2610.0,877.0,
GSE288483,GSE288483,GSM8768686_Pt2-4,Pt2-4,CD11C,False,coverage_table+spot_expression_column,0.0,0.0,CD11C is represented by ITGAX where gene-symbol-level expression was used.
GSE288483,GSE288483,GSM8768686_Pt2-4,Pt2-4,HLA-DRA,True,coverage_table+spot_expression_column,2610.0,2551.0,
GSE288483,GSE288483,GSM8768686_Pt2-4,Pt2-4,HLA-DRB1,True,coverage_table+spot_expression_column,0.0,0.0,
GSE288483,GSE288483,GSM8768686_Pt2-4,Pt2-4,HLA-DRB5,True,coverage_table+spot_expression_column,0.0,0.0,
GSE288483,GSE288483,GSM8768686_Pt2-4,Pt2-4,HLA-DQA1,True,coverage_table+spot_expression_column,0.0,0.0,
GSE288483,GSE288483,GSM8768686_Pt2-4,Pt2-4,HLA-DQB1,True,coverage_table+spot_expression_column,0.0,0.0,
GSE288483,GSE288483,GSM8768686_Pt2-4,Pt2-4,HLA-DPA1,True,coverage_table+spot_expression_column,0.0,0.0,
GSE288483,GSE288483,GSM8768686_Pt2-4,Pt2-4,HLA-DPB1,True,coverage_table+spot_expression_column,0.0,0.0,
GSE288483,GSE288483,GSM8768686_Pt2-4,Pt2-4,CD74,True,coverage_table+spot_expression_column,2610.0,2603.0,
GSE288483,GSE288483,GSM8768686_Pt2-4,Pt2-4,B2M,True,coverage_table+spot_expression_column,0.0,0.0,
GSE288483,GSE288483,GSM8768686_Pt2-4,Pt2-4,CIITA,True,coverage_table+spot_expression_column,0.0,0.0,
GSE288483,GSE288483,GSM8768686_Pt2-4,Pt2-4,NLRC5,False,coverage_table+spot_expression_column,0.0,0.0,
GSE288483,GSE288483,GSM8768686_Pt2-4,Pt2-4,LAMP3,True,coverage_table+spot_expression_column,2610.0,273.0,
GSE288483,GSE288483,GSM8768686_Pt2-4,Pt2-4,CCR7,True,coverage_table+spot_expression_column,2610.0,46.0,
GSE288483,GSE288483,GSM8768686_Pt2-4,Pt2-4,CD40,True,coverage_table+spot_expression_column,2610.0,1044.0,
GSE288483,GSE288483,GSM8768686_Pt2-4,Pt2-4,CD80,True,coverage_table+spot_expression_column,2610.0,53.0,
GSE288483,GSE288483,GSM8768686_Pt2-4,Pt2-4,CD86,True,coverage_table+spot_expression_column,2610.0,304.0,
GSE288483,GSE288483,GSM8768686_Pt2-4,Pt2-4,CD274,True,coverage_table+spot_expression_column,2610.0,132.0,
GSE288483,GSE288483,GSM8768686_Pt2-4,Pt2-4,PDCD1LG2,True,coverage_table+spot_expression_column,2610.0,114.0,
GSE288483,GSE288483,GSM8768685_Pt2-3,Pt2-3,ITGAX,True,coverage_table+spot_expression_column,1635.0,1540.0,
GSE288483,GSE288483,GSM8768685_Pt2-3,Pt2-3,CD11C,False,coverage_table+spot_expression_column,0.0,0.0,CD11C is represented by ITGAX where gene-symbol-level expression was used.
GSE288483,GSE288483,GSM8768685_Pt2-3,Pt2-3,HLA-DRA,True,coverage_table+spot_expression_column,1635.0,1631.0,
GSE288483,GSE288483,GSM8768685_Pt2-3,Pt2-3,HLA-DRB1,True,coverage_table+spot_expression_column,0.0,0.0,
GSE288483,GSE288483,GSM8768685_Pt2-3,Pt2-3,HLA-DRB5,True,coverage_table+spot_expression_column,0.0,0.0,
GSE288483,GSE288483,GSM8768685_Pt2-3,Pt2-3,HLA-DQA1,True,coverage_table+spot_expression_column,0.0,0.0,
GSE288483,GSE288483,GSM8768685_Pt2-3,Pt2-3,HLA-DQB1,True,coverage_table+spot_expression_column,0.0,0.0,
GSE288483,GSE288483,GSM8768685_Pt2-3,Pt2-3,HLA-DPA1,True,coverage_table+spot_expression_column,0.0,0.0,
GSE288483,GSE288483,GSM8768685_Pt2-3,Pt2-3,HLA-DPB1,True,coverage_table+spot_expression_column,0.0,0.0,
GSE288483,GSE288483,GSM8768685_Pt2-3,Pt2-3,CD74,True,coverage_table+spot_expression_column,1635.0,1635.0,
GSE288483,GSE288483,GSM8768685_Pt2-3,Pt2-3,B2M,True,coverage_table+spot_expression_column,0.0,0.0,
GSE288483,GSE288483,GSM8768685_Pt2-3,Pt2-3,CIITA,True,coverage_table+spot_expression_column,0.0,0.0,
GSE288483,GSE288483,GSM8768685_Pt2-3,Pt2-3,NLRC5,False,coverage_table+spot_expression_column,0.0,0.0,
GSE288483,GSE288483,GSM8768685_Pt2-3,Pt2-3,LAMP3,True,coverage_table+spot_expression_column,1635.0,1460.0,
GSE288483,GSE288483,GSM8768685_Pt2-3,Pt2-3,CCR7,True,coverage_table+spot_expression_column,1635.0,249.0,
GSE288483,GSE288483,GSM8768685_Pt2-3,Pt2-3,CD40,True,coverage_table+spot_expression_column,1635.0,1587.0,
GSE288483,GSE288483,GSM8768685_Pt2-3,Pt2-3,CD80,True,coverage_table+spot_expression_column,1635.0,297.0,
GSE288483,GSE288483,GSM8768685_Pt2-3,Pt2-3,CD86,True,coverage_table+spot_expression_column,1635.0,1064.0,
GSE288483,GSE288483,GSM8768685_Pt2-3,Pt2-3,CD274,True,coverage_table+spot_expression_column,1635.0,1381.0,
GSE288483,GSE288483,GSM8768685_Pt2-3,Pt2-3,PDCD1LG2,True,coverage_table+spot_expression_column,1635.0,1106.0,
GSE288483,GSE288483,GSM8768680_Pt1-2,Pt1-2,ITGAX,True,coverage_table+spot_expression_column,899.0,661.0,
GSE288483,GSE288483,GSM8768680_Pt1-2,Pt1-2,CD11C,False,coverage_table+spot_expression_column,0.0,0.0,CD11C is represented by ITGAX where gene-symbol-level expression was used.
GSE288483,GSE288483,GSM8768680_Pt1-2,Pt1-2,HLA-DRA,True,coverage_table+spot_expression_column,899.0,883.0,
GSE288483,GSE288483,GSM8768680_Pt1-2,Pt1-2,HLA-DRB1,True,coverage_table+spot_expression_column,0.0,0.0,
GSE288483,GSE288483,GSM8768680_Pt1-2,Pt1-2,HLA-DRB5,True,coverage_table+spot_expression_column,0.0,0.0,
GSE288483,GSE288483,GSM8768680_Pt1-2,Pt1-2,HLA-DQA1,True,coverage_table+spot_expression_column,0.0,0.0,
GSE288483,GSE288483,GSM8768680_Pt1-2,Pt1-2,HLA-DQB1,True,coverage_table+spot_expression_column,0.0,0.0,
GSE288483,GSE288483,GSM8768680_Pt1-2,Pt1-2,HLA-DPA1,True,coverage_table+spot_expression_column,0.0,0.0,
GSE288483,GSE288483,GSM8768680_Pt1-2,Pt1-2,HLA-DPB1,True,coverage_table+spot_expression_column,0.0,0.0,
GSE288483,GSE288483,GSM8768680_Pt1-2,Pt1-2,CD74,True,coverage_table+spot_expression_column,899.0,896.0,
GSE288483,GSE288483,GSM8768680_Pt1-2,Pt1-2,B2M,True,coverage_table+spot_expression_column,0.0,0.0,
GSE288483,GSE288483,GSM8768680_Pt1-2,Pt1-2,CIITA,True,coverage_table+spot_expression_column,0.0,0.0,
GSE288483,GSE288483,GSM8768680_Pt1-2,Pt1-2,NLRC5,False,coverage_table+spot_expression_column,0.0,0.0,
GSE288483,GSE288483,GSM8768680_Pt1-2,Pt1-2,LAMP3,True,coverage_table+spot_expression_column,899.0,747.0,
GSE288483,GSE288483,GSM8768680_Pt1-2,Pt1-2,CCR7,True,coverage_table+spot_expression_column,899.0,50.0,
GSE288483,GSE288483,GSM8768680_Pt1-2,Pt1-2,CD40,True,coverage_table+spot_expression_column,899.0,777.0,
GSE288483,GSE288483,GSM8768680_Pt1-2,Pt1-2,CD80,True,coverage_table+spot_expression_column,899.0,196.0,
GSE288483,GSE288483,GSM8768680_Pt1-2,Pt1-2,CD86,True,coverage_table+spot_expression_column,899.0,470.0,
GSE288483,GSE288483,GSM8768680_Pt1-2,Pt1-2,CD274,True,coverage_table+spot_expression_column,899.0,235.0,
GSE288483,GSE288483,GSM8768680_Pt1-2,Pt1-2,PDCD1LG2,True,coverage_table+spot_expression_column,899.0,237.0,
GSE288483,GSE288483,GSM8768684_Pt2-2,Pt2-2,ITGAX,True,coverage_table+spot_expression_column,1586.0,331.0,
GSE288483,GSE288483,GSM8768684_Pt2-2,Pt2-2,CD11C,False,coverage_table+spot_expression_column,0.0,0.0,CD11C is represented by ITGAX where gene-symbol-level expression was used.
GSE288483,GSE288483,GSM8768684_Pt2-2,Pt2-2,HLA-DRA,True,coverage_table+spot_expression_column,1586.0,1584.0,
GSE288483,GSE288483,GSM8768684_Pt2-2,Pt2-2,HLA-DRB1,True,coverage_table+spot_expression_column,0.0,0.0,
GSE288483,GSE288483,GSM8768684_Pt2-2,Pt2-2,HLA-DRB5,True,coverage_table+spot_expression_column,0.0,0.0,
GSE288483,GSE288483,GSM8768684_Pt2-2,Pt2-2,HLA-DQA1,True,coverage_table+spot_expression_column,0.0,0.0,
GSE288483,GSE288483,GSM8768684_Pt2-2,Pt2-2,HLA-DQB1,True,coverage_table+spot_expression_column,0.0,0.0,
GSE288483,GSE288483,GSM8768684_Pt2-2,Pt2-2,HLA-DPA1,True,coverage_table+spot_expression_column,0.0,0.0,
GSE288483,GSE288483,GSM8768684_Pt2-2,Pt2-2,HLA-DPB1,True,coverage_table+spot_expression_column,0.0,0.0,
GSE288483,GSE288483,GSM8768684_Pt2-2,Pt2-2,CD74,True,coverage_table+spot_expression_column,1586.0,1586.0,
GSE288483,GSE288483,GSM8768684_Pt2-2,Pt2-2,B2M,True,coverage_table+spot_expression_column,0.0,0.0,
GSE288483,GSE288483,GSM8768684_Pt2-2,Pt2-2,CIITA,True,coverage_table+spot_expression_column,0.0,0.0,
GSE288483,GSE288483,GSM8768684_Pt2-2,Pt2-2,NLRC5,False,coverage_table+spot_expression_column,0.0,0.0,
GSE288483,GSE288483,GSM8768684_Pt2-2,Pt2-2,LAMP3,True,coverage_table+spot_expression_column,1586.0,810.0,
GSE288483,GSE288483,GSM8768684_Pt2-2,Pt2-2,CCR7,True,coverage_table+spot_expression_column,1586.0,56.0,
GSE288483,GSE288483,GSM8768684_Pt2-2,Pt2-2,CD40,True,coverage_table+spot_expression_column,1586.0,1515.0,
GSE288483,GSE288483,GSM8768684_Pt2-2,Pt2-2,CD80,True,coverage_table+spot_expression_column,1586.0,18.0,
GSE288483,GSE288483,GSM8768684_Pt2-2,Pt2-2,CD86,True,coverage_table+spot_expression_column,1586.0,198.0,
GSE288483,GSE288483,GSM8768684_Pt2-2,Pt2-2,CD274,True,coverage_table+spot_expression_column,1586.0,164.0,
GSE288483,GSE288483,GSM8768684_Pt2-2,Pt2-2,PDCD1LG2,True,coverage_table+spot_expression_column,1586.0,117.0,
GSE288483,GSE288483,GSM8768681_Pt1-3,Pt1-3,ITGAX,True,coverage_table+spot_expression_column,1579.0,1356.0,
GSE288483,GSE288483,GSM8768681_Pt1-3,Pt1-3,CD11C,False,coverage_table+spot_expression_column,0.0,0.0,CD11C is represented by ITGAX where gene-symbol-level expression was used.
GSE288483,GSE288483,GSM8768681_Pt1-3,Pt1-3,HLA-DRA,True,coverage_table+spot_expression_column,1579.0,1578.0,
GSE288483,GSE288483,GSM8768681_Pt1-3,Pt1-3,HLA-DRB1,True,coverage_table+spot_expression_column,0.0,0.0,
GSE288483,GSE288483,GSM8768681_Pt1-3,Pt1-3,HLA-DRB5,True,coverage_table+spot_expression_column,0.0,0.0,
GSE288483,GSE288483,GSM8768681_Pt1-3,Pt1-3,HLA-DQA1,True,coverage_table+spot_expression_column,0.0,0.0,
GSE288483,GSE288483,GSM8768681_Pt1-3,Pt1-3,HLA-DQB1,True,coverage_table+spot_expression_column,0.0,0.0,
GSE288483,GSE288483,GSM8768681_Pt1-3,Pt1-3,HLA-DPA1,True,coverage_table+spot_expression_column,0.0,0.0,
GSE288483,GSE288483,GSM8768681_Pt1-3,Pt1-3,HLA-DPB1,True,coverage_table+spot_expression_column,0.0,0.0,
GSE288483,GSE288483,GSM8768681_Pt1-3,Pt1-3,CD74,True,coverage_table+spot_expression_column,1579.0,1579.0,
GSE288483,GSE288483,GSM8768681_Pt1-3,Pt1-3,B2M,True,coverage_table+spot_expression_column,0.0,0.0,
GSE288483,GSE288483,GSM8768681_Pt1-3,Pt1-3,CIITA,True,coverage_table+spot_expression_column,0.0,0.0,
GSE288483,GSE288483,GSM8768681_Pt1-3,Pt1-3,NLRC5,False,coverage_table+spot_expression_column,0.0,0.0,
GSE288483,GSE288483,GSM8768681_Pt1-3,Pt1-3,LAMP3,True,coverage_table+spot_expression_column,1579.0,171.0,
GSE288483,GSE288483,GSM8768681_Pt1-3,Pt1-3,CCR7,True,coverage_table+spot_expression_column,1579.0,116.0,
GSE288483,GSE288483,GSM8768681_Pt1-3,Pt1-3,CD40,True,coverage_table+spot_expression_column,1579.0,1227.0,
GSE288483,GSE288483,GSM8768681_Pt1-3,Pt1-3,CD80,True,coverage_table+spot_expression_column,1579.0,93.0,
GSE288483,GSE288483,GSM8768681_Pt1-3,Pt1-3,CD86,True,coverage_table+spot_expression_column,1579.0,761.0,
GSE288483,GSE288483,GSM8768681_Pt1-3,Pt1-3,CD274,True,coverage_table+spot_expression_column,1579.0,167.0,
GSE288483,GSE288483,GSM8768681_Pt1-3,Pt1-3,PDCD1LG2,True,coverage_table+spot_expression_column,1579.0,132.0,
GSE288483,GSE288483,GSM8768679_Pt1-1,Pt1-1,ITGAX,True,coverage_table+spot_expression_column,1179.0,571.0,
GSE288483,GSE288483,GSM8768679_Pt1-1,Pt1-1,CD11C,False,coverage_table+spot_expression_column,0.0,0.0,CD11C is represented by ITGAX where gene-symbol-level expression was used.
GSE288483,GSE288483,GSM8768679_Pt1-1,Pt1-1,HLA-DRA,True,coverage_table+spot_expression_column,1179.0,1167.0,
GSE288483,GSE288483,GSM8768679_Pt1-1,Pt1-1,HLA-DRB1,True,coverage_table+spot_expression_column,0.0,0.0,
GSE288483,GSE288483,GSM8768679_Pt1-1,Pt1-1,HLA-DRB5,True,coverage_table+spot_expression_column,0.0,0.0,
GSE288483,GSE288483,GSM8768679_Pt1-1,Pt1-1,HLA-DQA1,True,coverage_table+spot_expression_column,0.0,0.0,
GSE288483,GSE288483,GSM8768679_Pt1-1,Pt1-1,HLA-DQB1,True,coverage_table+spot_expression_column,0.0,0.0,
GSE288483,GSE288483,GSM8768679_Pt1-1,Pt1-1,HLA-DPA1,True,coverage_table+spot_expression_column,0.0,0.0,
GSE288483,GSE288483,GSM8768679_Pt1-1,Pt1-1,HLA-DPB1,True,coverage_table+spot_expression_column,0.0,0.0,
GSE288483,GSE288483,GSM8768679_Pt1-1,Pt1-1,CD74,True,coverage_table+spot_expression_column,1179.0,1178.0,
GSE288483,GSE288483,GSM8768679_Pt1-1,Pt1-1,B2M,True,coverage_table+spot_expression_column,0.0,0.0,
GSE288483,GSE288483,GSM8768679_Pt1-1,Pt1-1,CIITA,True,coverage_table+spot_expression_column,0.0,0.0,
GSE288483,GSE288483,GSM8768679_Pt1-1,Pt1-1,NLRC5,False,coverage_table+spot_expression_column,0.0,0.0,
GSE288483,GSE288483,GSM8768679_Pt1-1,Pt1-1,LAMP3,True,coverage_table+spot_expression_column,1179.0,402.0,
GSE288483,GSE288483,GSM8768679_Pt1-1,Pt1-1,CCR7,True,coverage_table+spot_expression_column,1179.0,234.0,
GSE288483,GSE288483,GSM8768679_Pt1-1,Pt1-1,CD40,True,coverage_table+spot_expression_column,1179.0,724.0,
GSE288483,GSE288483,GSM8768679_Pt1-1,Pt1-1,CD80,True,coverage_table+spot_expression_column,1179.0,168.0,
GSE288483,GSE288483,GSM8768679_Pt1-1,Pt1-1,CD86,True,coverage_table+spot_expression_column,1179.0,451.0,
GSE288483,GSE288483,GSM8768679_Pt1-1,Pt1-1,CD274,True,coverage_table+spot_expression_column,1179.0,145.0,
GSE288483,GSE288483,GSM8768679_Pt1-1,Pt1-1,PDCD1LG2,True,coverage_table+spot_expression_column,1179.0,311.0,
GSE288483,GSE288483,GSM8768683_Pt2-1,Pt2-1,ITGAX,True,coverage_table+spot_expression_column,1444.0,985.0,
GSE288483,GSE288483,GSM8768683_Pt2-1,Pt2-1,CD11C,False,coverage_table+spot_expression_column,0.0,0.0,CD11C is represented by ITGAX where gene-symbol-level expression was used.
GSE288483,GSE288483,GSM8768683_Pt2-1,Pt2-1,HLA-DRA,True,coverage_table+spot_expression_column,1444.0,1443.0,
GSE288483,GSE288483,GSM8768683_Pt2-1,Pt2-1,HLA-DRB1,True,coverage_table+spot_expression_column,0.0,0.0,
GSE288483,GSE288483,GSM8768683_Pt2-1,Pt2-1,HLA-DRB5,True,coverage_table+spot_expression_column,0.0,0.0,
GSE288483,GSE288483,GSM8768683_Pt2-1,Pt2-1,HLA-DQA1,True,coverage_table+spot_expression_column,0.0,0.0,
GSE288483,GSE288483,GSM8768683_Pt2-1,Pt2-1,HLA-DQB1,True,coverage_table+spot_expression_column,0.0,0.0,
GSE288483,GSE288483,GSM8768683_Pt2-1,Pt2-1,HLA-DPA1,True,coverage_table+spot_expression_column,0.0,0.0,
GSE288483,GSE288483,GSM8768683_Pt2-1,Pt2-1,HLA-DPB1,True,coverage_table+spot_expression_column,0.0,0.0,
GSE288483,GSE288483,GSM8768683_Pt2-1,Pt2-1,CD74,True,coverage_table+spot_expression_column,1444.0,1444.0,
GSE288483,GSE288483,GSM8768683_Pt2-1,Pt2-1,B2M,True,coverage_table+spot_expression_column,0.0,0.0,
GSE288483,GSE288483,GSM8768683_Pt2-1,Pt2-1,CIITA,True,coverage_table+spot_expression_column,0.0,0.0,
GSE288483,GSE288483,GSM8768683_Pt2-1,Pt2-1,NLRC5,False,coverage_table+spot_expression_column,0.0,0.0,
GSE288483,GSE288483,GSM8768683_Pt2-1,Pt2-1,LAMP3,True,coverage_table+spot_expression_column,1444.0,834.0,
GSE288483,GSE288483,GSM8768683_Pt2-1,Pt2-1,CCR7,True,coverage_table+spot_expression_column,1444.0,169.0,
GSE288483,GSE288483,GSM8768683_Pt2-1,Pt2-1,CD40,True,coverage_table+spot_expression_column,1444.0,1176.0,
GSE288483,GSE288483,GSM8768683_Pt2-1,Pt2-1,CD80,True,coverage_table+spot_expression_column,1444.0,38.0,
GSE288483,GSE288483,GSM8768683_Pt2-1,Pt2-1,CD86,True,coverage_table+spot_expression_column,1444.0,477.0,
GSE288483,GSE288483,GSM8768683_Pt2-1,Pt2-1,CD274,True,coverage_table+spot_expression_column,1444.0,145.0,
GSE288483,GSE288483,GSM8768683_Pt2-1,Pt2-1,PDCD1LG2,True,coverage_table+spot_expression_column,1444.0,262.0,
GSE288483,GSE288483,GSM8768682_Pt1-4,Pt1-4,ITGAX,True,coverage_table+spot_expression_column,1068.0,394.0,
GSE288483,GSE288483,GSM8768682_Pt1-4,Pt1-4,CD11C,False,coverage_table+spot_expression_column,0.0,0.0,CD11C is represented by ITGAX where gene-symbol-level expression was used.
GSE288483,GSE288483,GSM8768682_Pt1-4,Pt1-4,HLA-DRA,True,coverage_table+spot_expression_column,1068.0,1038.0,
GSE288483,GSE288483,GSM8768682_Pt1-4,Pt1-4,HLA-DRB1,True,coverage_table+spot_expression_column,0.0,0.0,
GSE288483,GSE288483,GSM8768682_Pt1-4,Pt1-4,HLA-DRB5,True,coverage_table+spot_expression_column,0.0,0.0,
GSE288483,GSE288483,GSM8768682_Pt1-4,Pt1-4,HLA-DQA1,True,coverage_table+spot_expression_column,0.0,0.0,
GSE288483,GSE288483,GSM8768682_Pt1-4,Pt1-4,HLA-DQB1,True,coverage_table+spot_expression_column,0.0,0.0,
GSE288483,GSE288483,GSM8768682_Pt1-4,Pt1-4,HLA-DPA1,True,coverage_table+spot_expression_column,0.0,0.0,
GSE288483,GSE288483,GSM8768682_Pt1-4,Pt1-4,HLA-DPB1,True,coverage_table+spot_expression_column,0.0,0.0,
GSE288483,GSE288483,GSM8768682_Pt1-4,Pt1-4,CD74,True,coverage_table+spot_expression_column,1068.0,1062.0,
GSE288483,GSE288483,GSM8768682_Pt1-4,Pt1-4,B2M,True,coverage_table+spot_expression_column,0.0,0.0,
GSE288483,GSE288483,GSM8768682_Pt1-4,Pt1-4,CIITA,True,coverage_table+spot_expression_column,0.0,0.0,
GSE288483,GSE288483,GSM8768682_Pt1-4,Pt1-4,NLRC5,False,coverage_table+spot_expression_column,0.0,0.0,
GSE288483,GSE288483,GSM8768682_Pt1-4,Pt1-4,LAMP3,True,coverage_table+spot_expression_column,1068.0,735.0,
GSE288483,GSE288483,GSM8768682_Pt1-4,Pt1-4,CCR7,True,coverage_table+spot_expression_column,1068.0,10.0,
GSE288483,GSE288483,GSM8768682_Pt1-4,Pt1-4,CD40,True,coverage_table+spot_expression_column,1068.0,475.0,
GSE288483,GSE288483,GSM8768682_Pt1-4,Pt1-4,CD80,True,coverage_table+spot_expression_column,1068.0,83.0,
GSE288483,GSE288483,GSM8768682_Pt1-4,Pt1-4,CD86,True,coverage_table+spot_expression_column,1068.0,261.0,
GSE288483,GSE288483,GSM8768682_Pt1-4,Pt1-4,CD274,True,coverage_table+spot_expression_column,1068.0,49.0,
GSE288483,GSE288483,GSM8768682_Pt1-4,Pt1-4,PDCD1LG2,True,coverage_table+spot_expression_column,1068.0,76.0,
10x_Xenium_Prime_OVC,Xenium,Xenium_Prime_OVC_public_section,Xenium,ITGAX,False,xenium_program_gene_availability,,,Unavailable in the program-gene availability audit.
10x_Xenium_Prime_OVC,Xenium,Xenium_Prime_OVC_public_section,Xenium,CD11C,False,xenium_program_gene_availability,,,Unavailable in the program-gene availability audit.
10x_Xenium_Prime_OVC,Xenium,Xenium_Prime_OVC_public_section,Xenium,HLA-DRA,False,xenium_program_gene_availability,,,Unavailable in the program-gene availability audit.
10x_Xenium_Prime_OVC,Xenium,Xenium_Prime_OVC_public_section,Xenium,HLA-DRB1,False,xenium_program_gene_availability,,,Unavailable in the program-gene availability audit.
10x_Xenium_Prime_OVC,Xenium,Xenium_Prime_OVC_public_section,Xenium,HLA-DRB5,False,xenium_program_gene_availability,,,Unavailable in the program-gene availability audit.
10x_Xenium_Prime_OVC,Xenium,Xenium_Prime_OVC_public_section,Xenium,HLA-DQA1,False,xenium_program_gene_availability,,,Unavailable in the program-gene availability audit.
10x_Xenium_Prime_OVC,Xenium,Xenium_Prime_OVC_public_section,Xenium,HLA-DQB1,False,xenium_program_gene_availability,,,Unavailable in the program-gene availability audit.
10x_Xenium_Prime_OVC,Xenium,Xenium_Prime_OVC_public_section,Xenium,HLA-DPA1,False,xenium_program_gene_availability,,,Unavailable in the program-gene availability audit.
10x_Xenium_Prime_OVC,Xenium,Xenium_Prime_OVC_public_section,Xenium,HLA-DPB1,False,xenium_program_gene_availability,,,Unavailable in the program-gene availability audit.
10x_Xenium_Prime_OVC,Xenium,Xenium_Prime_OVC_public_section,Xenium,CD74,False,xenium_program_gene_availability,,,Unavailable in the program-gene availability audit.
10x_Xenium_Prime_OVC,Xenium,Xenium_Prime_OVC_public_section,Xenium,B2M,False,xenium_program_gene_availability,,,Unavailable in the program-gene availability audit.
10x_Xenium_Prime_OVC,Xenium,Xenium_Prime_OVC_public_section,Xenium,CIITA,True,xenium_program_gene_availability,,,
10x_Xenium_Prime_OVC,Xenium,Xenium_Prime_OVC_public_section,Xenium,NLRC5,False,xenium_program_gene_availability,,,Unavailable in the program-gene availability audit.
10x_Xenium_Prime_OVC,Xenium,Xenium_Prime_OVC_public_section,Xenium,LAMP3,True,xenium_program_gene_availability,,,
10x_Xenium_Prime_OVC,Xenium,Xenium_Prime_OVC_public_section,Xenium,CCR7,True,xenium_program_gene_availability,,,
10x_Xenium_Prime_OVC,Xenium,Xenium_Prime_OVC_public_section,Xenium,CD40,True,xenium_program_gene_availability,,,
10x_Xenium_Prime_OVC,Xenium,Xenium_Prime_OVC_public_section,Xenium,CD80,True,xenium_program_gene_availability,,,
10x_Xenium_Prime_OVC,Xenium,Xenium_Prime_OVC_public_section,Xenium,CD86,True,xenium_program_gene_availability,,,
10x_Xenium_Prime_OVC,Xenium,Xenium_Prime_OVC_public_section,Xenium,CD274,True,xenium_program_gene_availability,,,
10x_Xenium_Prime_OVC,Xenium,Xenium_Prime_OVC_public_section,Xenium,PDCD1LG2,True,xenium_program_gene_availability,,,
